TimeStamp; TimeText; CurDC; 
 1495635585.37233; Wed May 24 16:19:45.372 CDT 2017; 0,297959625720978; 
 1495635590.46333; Wed May 24 16:19:50.463 CDT 2017; 0,298072814941406; 
 1495635591.57233; Wed May 24 16:19:51.572 CDT 2017; 4,53890534117818E-03; 
 1495635596.45333; Wed May 24 16:19:56.453 CDT 2017; 4,65001398697495E-03; 
 1495635597.33933; Wed May 24 16:19:57.339 CDT 2017; 0,155839011073112; 
 1495635611.52533; Wed May 24 16:20:11.525 CDT 2017; 0,298053294420242; 
 1495635614.40233; Wed May 24 16:20:14.402 CDT 2017; 0,298614174127579; 
 1495635615.51133; Wed May 24 16:20:15.511 CDT 2017; 4,68015531077981E-03; 
 1495635620.39133; Wed May 24 16:20:20.391 CDT 2017; 3,70547249913216E-02; 
 1495635622.38833; Wed May 24 16:20:22.388 CDT 2017; 5,20821660757065E-03; 
 1495635638.41037; Wed May 24 16:20:38.410 CDT 2017; 3,08515541255474E-02; 
 1495635640.40737; Wed May 24 16:20:40.407 CDT 2017; 4,84149903059006E-03; 
 1495635741.55937; Wed May 24 16:22:21.559 CDT 2017; 3,96176092326641E-02; 
 1495635743.55637; Wed May 24 16:22:23.556 CDT 2017; 3,57054639607668E-03; 
 1495635828.51437; Wed May 24 16:23:48.514 CDT 2017; 2,92112268507481E-02; 
 1495635830.51037; Wed May 24 16:23:50.510 CDT 2017; 4,77767083793879E-03; 
 1495635904.60037; Wed May 24 16:25:04.600 CDT 2017; 4,96029108762741E-03; 
 1495635905.48837; Wed May 24 16:25:05.488 CDT 2017; 6,54725283384323E-02; 
 1495635907.48037; Wed May 24 16:25:07.480 CDT 2017; 1,8347715139389; 
 1495635909.47037; Wed May 24 16:25:09.470 CDT 2017; 3,6131796836853; 
 1495635911.45937; Wed May 24 16:25:11.459 CDT 2017; 5,39378452301025; 
 1495635913.44937; Wed May 24 16:25:13.449 CDT 2017; 5,72726535797119; 
 1495636041.45437; Wed May 24 16:27:21.454 CDT 2017; 5,7479772567749; 
 1495636043.44337; Wed May 24 16:27:23.443 CDT 2017; 7,63355159759521; 
 1495636045.43337; Wed May 24 16:27:25.433 CDT 2017; 9,51797199249268; 
 1495636047.42337; Wed May 24 16:27:27.423 CDT 2017; 11,4011001586914; 
 1495636049.41337; Wed May 24 16:27:29.413 CDT 2017; 13,2496500015259; 
 1495636051.40337; Wed May 24 16:27:31.403 CDT 2017; 15,155237197876; 
 1495636053.39337; Wed May 24 16:27:33.393 CDT 2017; 17,029203414917; 
 1495636055.60437; Wed May 24 16:27:35.604 CDT 2017; 19,109842300415; 
 1495636057.59237; Wed May 24 16:27:37.592 CDT 2017; 20,9754676818848; 
 1495636059.57737; Wed May 24 16:27:39.577 CDT 2017; 22,8896179199219; 
 1495636061.56437; Wed May 24 16:27:41.564 CDT 2017; 24,7850570678711; 
 1495636063.55237; Wed May 24 16:27:43.552 CDT 2017; 26,7112884521484; 
 1495636065.54037; Wed May 24 16:27:45.540 CDT 2017; 28,5830955505371; 
 1495636067.52737; Wed May 24 16:27:47.527 CDT 2017; 30,0261859893799; 
 1495636089.59437; Wed May 24 16:28:09.594 CDT 2017; 30,0049057006836; 
 1495636114.54437; Wed May 24 16:28:34.544 CDT 2017; 29,9847812652588; 
 1495636138.39637; Wed May 24 16:28:58.396 CDT 2017; 29,9643249511719; 
 1495636161.58237; Wed May 24 16:29:21.582 CDT 2017; 29,9439029693604; 
 1495636185.43437; Wed May 24 16:29:45.434 CDT 2017; 29,9233245849609; 
 1495636204.42837; Wed May 24 16:30:04.428 CDT 2017; 29,9029312133789; 
 1495636225.40937; Wed May 24 16:30:25.409 CDT 2017; 29,8815002441406; 
 1495636235.56737; Wed May 24 16:30:35.567 CDT 2017; 29,8601131439209; 
 1495636246.60937; Wed May 24 16:30:46.609 CDT 2017; 29,8394355773926; 
 1495636258.53537; Wed May 24 16:30:58.535 CDT 2017; 29,8161582946777; 
 1495636269.57337; Wed May 24 16:31:09.573 CDT 2017; 29,7949600219727; 
 1495636281.49937; Wed May 24 16:31:21.499 CDT 2017; 29,7746562957764; 
 1495636294.53037; Wed May 24 16:31:34.530 CDT 2017; 29,752815246582; 
 1495636305.57337; Wed May 24 16:31:45.573 CDT 2017; 29,7309226989746; 
 1495636315.51237; Wed May 24 16:31:55.512 CDT 2017; 29,7108459472656; 
 1495636324.56837; Wed May 24 16:32:04.568 CDT 2017; 29,6907653808594; 
 1495636334.50737; Wed May 24 16:32:14.507 CDT 2017; 29,6705856323242; 
 1495636344.44637; Wed May 24 16:32:24.446 CDT 2017; 29,6492347717285; 
 1495636354.60537; Wed May 24 16:32:34.605 CDT 2017; 29,627799987793; 
 1495636364.54037; Wed May 24 16:32:44.540 CDT 2017; 29,6076431274414; 
 1495636373.59637; Wed May 24 16:32:53.596 CDT 2017; 29,5873832702637; 
 1495636383.53637; Wed May 24 16:33:03.536 CDT 2017; 29,5667839050293; 
 1495636393.47537; Wed May 24 16:33:13.475 CDT 2017; 29,5453090667725; 
 1495636404.51937; Wed May 24 16:33:24.519 CDT 2017; 29,5227890014648; 
 1495636415.56437; Wed May 24 16:33:35.564 CDT 2017; 29,5018272399902; 
 1495636425.50237; Wed May 24 16:33:45.502 CDT 2017; 29,4811859130859; 
 1495636434.55937; Wed May 24 16:33:54.559 CDT 2017; 29,4611186981201; 
 1495636445.60237; Wed May 24 16:34:05.602 CDT 2017; 29,4381713867188; 
 1495636456.42437; Wed May 24 16:34:16.424 CDT 2017; 29,4179840087891; 
 1495636467.46337; Wed May 24 16:34:27.463 CDT 2017; 29,3949794769287; 
 1495636477.62237; Wed May 24 16:34:37.622 CDT 2017; 29,3725051879883; 
 1495636487.56037; Wed May 24 16:34:47.560 CDT 2017; 29,351598739624; 
 1495636498.60537; Wed May 24 16:34:58.605 CDT 2017; 29,3290729522705; 
 1495636509.42837; Wed May 24 16:35:09.428 CDT 2017; 29,3080615997314; 
 1495636520.47037; Wed May 24 16:35:20.470 CDT 2017; 29,2864837646484; 
 1495636530.40837; Wed May 24 16:35:30.408 CDT 2017; 29,2658996582031; 
 1495636540.56637; Wed May 24 16:35:40.566 CDT 2017; 29,2453117370605; 
 1495636550.50637; Wed May 24 16:35:50.506 CDT 2017; 29,2242698669434; 
 1495636559.55837; Wed May 24 16:35:59.558 CDT 2017; 29,2032413482666; 
 1495636569.54546; Wed May 24 16:36:09.545 CDT 2017; 29,1826972961426; 
 1495636579.48346; Wed May 24 16:36:19.483 CDT 2017; 29,1620292663574; 
 1495636589.64446; Wed May 24 16:36:29.644 CDT 2017; 29,1403293609619; 
 1495636599.58447; Wed May 24 16:36:39.584 CDT 2017; 29,1185207366943; 
 1495636609.52147; Wed May 24 16:36:49.521 CDT 2017; 29,096794128418; 
 1495636619.46046; Wed May 24 16:36:59.460 CDT 2017; 29,0745429992676; 
 1495636629.62047; Wed May 24 16:37:09.620 CDT 2017; 29,0536575317383; 
 1495636639.55946; Wed May 24 16:37:19.559 CDT 2017; 29,0305919647217; 
 1495636649.49746; Wed May 24 16:37:29.497 CDT 2017; 29,0103054046631; 
 1495636659.65146; Wed May 24 16:37:39.651 CDT 2017; 28,9890365600586; 
 1495636668.48547; Wed May 24 16:37:48.485 CDT 2017; 28,9689559936523; 
 1495636677.54047; Wed May 24 16:37:57.540 CDT 2017; 28,9485340118408; 
 1495636687.48046; Wed May 24 16:38:07.480 CDT 2017; 28,9277153015137; 
 1495636696.53346; Wed May 24 16:38:16.533 CDT 2017; 28,9073791503906; 
 1495636706.47247; Wed May 24 16:38:26.472 CDT 2017; 28,8866996765137; 
 1495636715.52847; Wed May 24 16:38:35.528 CDT 2017; 28,8653564453125; 
 1495636724.58447; Wed May 24 16:38:44.584 CDT 2017; 28,8450717926025; 
 1495636735.62747; Wed May 24 16:38:55.627 CDT 2017; 28,822395324707; 
 1495636745.56147; Wed May 24 16:39:05.561 CDT 2017; 28,8005294799805; 
 1495636754.61747; Wed May 24 16:39:14.617 CDT 2017; 28,780200958252; 
 1495636764.55747; Wed May 24 16:39:24.557 CDT 2017; 28,758487701416; 
 1495636773.61146; Wed May 24 16:39:33.611 CDT 2017; 28,7384204864502; 
 1495636783.55047; Wed May 24 16:39:43.550 CDT 2017; 28,7175540924072; 
 1495636792.60747; Wed May 24 16:39:52.607 CDT 2017; 28,6969585418701; 
 1495636802.54646; Wed May 24 16:40:02.546 CDT 2017; 28,6754913330078; 
 1495636812.48547; Wed May 24 16:40:12.485 CDT 2017; 28,653715133667; 
 1495636822.64546; Wed May 24 16:40:22.645 CDT 2017; 28,633129119873; 
 1495636832.58347; Wed May 24 16:40:32.583 CDT 2017; 28,6115531921387; 
 1495636842.52046; Wed May 24 16:40:42.520 CDT 2017; 28,5901565551758; 
 1495636852.45847; Wed May 24 16:40:52.458 CDT 2017; 28,5681819915771; 
 1495636862.61846; Wed May 24 16:41:02.618 CDT 2017; 28,547176361084; 
 1495636871.45446; Wed May 24 16:41:11.454 CDT 2017; 28,5266513824463; 
 1495636881.61546; Wed May 24 16:41:21.615 CDT 2017; 28,5048313140869; 
 1495636891.55546; Wed May 24 16:41:31.555 CDT 2017; 28,4839401245117; 
 1495636901.49447; Wed May 24 16:41:41.494 CDT 2017; 28,4628391265869; 
 1495636911.65446; Wed May 24 16:41:51.654 CDT 2017; 28,4417495727539; 
 1495636919.60747; Wed May 24 16:41:59.607 CDT 2017; 29,2998504638672; 
 1495636921.59447; Wed May 24 16:42:01.594 CDT 2017; 31,2089500427246; 
 1495636923.58147; Wed May 24 16:42:03.581 CDT 2017; 33,0935707092285; 
 1495636925.57047; Wed May 24 16:42:05.570 CDT 2017; 34,9939117431641; 
 1495636927.55847; Wed May 24 16:42:07.558 CDT 2017; 36,8968849182129; 
 1495636929.54546; Wed May 24 16:42:09.545 CDT 2017; 38,7918968200684; 
 1495636931.53246; Wed May 24 16:42:11.532 CDT 2017; 40,7036590576172; 
 1495636933.52046; Wed May 24 16:42:13.520 CDT 2017; 42,6237525939941; 
 1495636935.50746; Wed May 24 16:42:15.507 CDT 2017; 44,5173950195313; 
 1495636937.49346; Wed May 24 16:42:17.493 CDT 2017; 46,4151382446289; 
 1495636939.48147; Wed May 24 16:42:19.481 CDT 2017; 48,2923812866211; 
 1495636941.47046; Wed May 24 16:42:21.470 CDT 2017; 50,1713371276855; 
 1495636943.45746; Wed May 24 16:42:23.457 CDT 2017; 52,0256958007813; 
 1495636945.44547; Wed May 24 16:42:25.445 CDT 2017; 52,8276634216309; 
 1495636949.64146; Wed May 24 16:42:29.641 CDT 2017; 52,8019332885742; 
 1495636953.61446; Wed May 24 16:42:33.614 CDT 2017; 52,7783432006836; 
 1495636957.59246; Wed May 24 16:42:37.592 CDT 2017; 52,7541198730469; 
 1495636961.56846; Wed May 24 16:42:41.568 CDT 2017; 52,7308731079102; 
 1495636965.54447; Wed May 24 16:42:45.544 CDT 2017; 52,7067642211914; 
 1495636969.52147; Wed May 24 16:42:49.521 CDT 2017; 52,6826324462891; 
 1495636973.49746; Wed May 24 16:42:53.497 CDT 2017; 52,6594200134277; 
 1495636977.47446; Wed May 24 16:42:57.474 CDT 2017; 52,6348342895508; 
 1495636981.44847; Wed May 24 16:43:01.448 CDT 2017; 52,6119232177734; 
 1495636985.64546; Wed May 24 16:43:05.645 CDT 2017; 52,5863990783691; 
 1495636989.62146; Wed May 24 16:43:09.621 CDT 2017; 52,5631332397461; 
 1495636993.59747; Wed May 24 16:43:13.597 CDT 2017; 52,5385475158691; 
 1495636997.57447; Wed May 24 16:43:17.574 CDT 2017; 52,5174865722656; 
 1495637001.55047; Wed May 24 16:43:21.550 CDT 2017; 52,4962768554688; 
 1495637005.52747; Wed May 24 16:43:25.527 CDT 2017; 52,4747085571289; 
 1495637009.50346; Wed May 24 16:43:29.503 CDT 2017; 52,453727722168; 
 1495637013.47847; Wed May 24 16:43:33.478 CDT 2017; 52,4322662353516; 
 1495637017.45446; Wed May 24 16:43:37.454 CDT 2017; 52,4115600585938; 
 1495637021.64947; Wed May 24 16:43:41.649 CDT 2017; 52,3875350952148; 
 1495637025.62647; Wed May 24 16:43:45.626 CDT 2017; 52,3666572570801; 
 1495637029.60047; Wed May 24 16:43:49.600 CDT 2017; 52,3457145690918; 
 1495637033.57846; Wed May 24 16:43:53.578 CDT 2017; 52,3236885070801; 
 1495637037.55447; Wed May 24 16:43:57.554 CDT 2017; 52,303409576416; 
 1495637041.52946; Wed May 24 16:44:01.529 CDT 2017; 52,2812614440918; 
 1495637043.51946; Wed May 24 16:44:03.519 CDT 2017; 53,4836769104004; 
 1495637044.62246; Wed May 24 16:44:04.622 CDT 2017; 54,5260429382324; 
 1495637046.61047; Wed May 24 16:44:06.610 CDT 2017; 56,3935241699219; 
 1495637048.59846; Wed May 24 16:44:08.598 CDT 2017; 58,2243690490723; 
 1495637050.58646; Wed May 24 16:44:10.586 CDT 2017; 60,0880584716797; 
 1495637052.57147; Wed May 24 16:44:12.571 CDT 2017; 61,9220733642578; 
 1495637054.56047; Wed May 24 16:44:14.560 CDT 2017; 63,7721252441406; 
 1495637056.54847; Wed May 24 16:44:16.548 CDT 2017; 65,6028289794922; 
 1495637058.53547; Wed May 24 16:44:18.535 CDT 2017; 67,4349365234375; 
 1495637060.52346; Wed May 24 16:44:20.523 CDT 2017; 69,2749328613281; 
 1495637062.51147; Wed May 24 16:44:22.511 CDT 2017; 71,1106338500977; 
 1495637064.50046; Wed May 24 16:44:24.500 CDT 2017; 72,976806640625; 
 1495637066.48746; Wed May 24 16:44:26.487 CDT 2017; 74,8176727294922; 
 1495637068.47547; Wed May 24 16:44:28.475 CDT 2017; 76,0704879760742; 
 1495637070.46247; Wed May 24 16:44:30.462 CDT 2017; 76,0496673583984; 
 1495637072.67146; Wed May 24 16:44:32.671 CDT 2017; 76,0263366699219; 
 1495637075.54147; Wed May 24 16:44:35.541 CDT 2017; 75,9970092773438; 
 1495637077.52847; Wed May 24 16:44:37.528 CDT 2017; 75,9755859375; 
 1495637079.51646; Wed May 24 16:44:39.516 CDT 2017; 75,9539642333984; 
 1495637081.50447; Wed May 24 16:44:41.504 CDT 2017; 75,9328994750977; 
 1495637083.49247; Wed May 24 16:44:43.492 CDT 2017; 75,9120101928711; 
 1495637085.48147; Wed May 24 16:44:45.481 CDT 2017; 75,8907852172852; 
 1495637087.46947; Wed May 24 16:44:47.469 CDT 2017; 75,8690185546875; 
 1495637089.45746; Wed May 24 16:44:49.457 CDT 2017; 75,8479461669922; 
 1495637091.44547; Wed May 24 16:44:51.445 CDT 2017; 75,8267974853516; 
 1495637093.65347; Wed May 24 16:44:53.653 CDT 2017; 75,8043365478516; 
 1495637095.64247; Wed May 24 16:44:55.642 CDT 2017; 75,782112121582; 
 1495637097.63047; Wed May 24 16:44:57.630 CDT 2017; 75,7601470947266; 
 1495637100.50247; Wed May 24 16:45:00.502 CDT 2017; 75,7300186157227; 
 1495637102.49046; Wed May 24 16:45:02.490 CDT 2017; 75,7092361450195; 
 1495637104.47646; Wed May 24 16:45:04.476 CDT 2017; 75,6887664794922; 
 1495637106.46547; Wed May 24 16:45:06.465 CDT 2017; 75,7488555908203; 
 1495637108.45446; Wed May 24 16:45:08.454 CDT 2017; 77,5411682128906; 
 1495637110.44247; Wed May 24 16:45:10.442 CDT 2017; 79,3308258056641; 
 1495637112.65047; Wed May 24 16:45:12.650 CDT 2017; 81,3367004394531; 
 1495637114.63747; Wed May 24 16:45:14.637 CDT 2017; 83,1313934326172; 
 1495637116.62546; Wed May 24 16:45:16.625 CDT 2017; 84,9435119628906; 
 1495637118.61446; Wed May 24 16:45:18.614 CDT 2017; 86,7512893676758; 
 1495637120.60246; Wed May 24 16:45:20.602 CDT 2017; 87,2407684326172; 
 1495637122.59047; Wed May 24 16:45:22.590 CDT 2017; 87,2144775390625; 
 1495637124.57747; Wed May 24 16:45:24.577 CDT 2017; 87,1873474121094; 
 1495637126.56646; Wed May 24 16:45:26.566 CDT 2017; 87,1605377197266; 
 1495637128.55447; Wed May 24 16:45:28.554 CDT 2017; 87,1337738037109; 
 1495637130.54246; Wed May 24 16:45:30.542 CDT 2017; 87,1060180664063; 
 1495637132.53046; Wed May 24 16:45:32.530 CDT 2017; 87,0797271728516; 
 1495637134.51847; Wed May 24 16:45:34.518 CDT 2017; 87,053955078125; 
 1495637136.50746; Wed May 24 16:45:36.507 CDT 2017; 87,0260925292969; 
 1495637138.49547; Wed May 24 16:45:38.495 CDT 2017; 87,0004196166992; 
 1495637140.48346; Wed May 24 16:45:40.483 CDT 2017; 86,9738845825195; 
 1495637142.47147; Wed May 24 16:45:42.471 CDT 2017; 86,9466705322266; 
 1495637144.45947; Wed May 24 16:45:44.459 CDT 2017; 86,921012878418; 
 1495637146.44746; Wed May 24 16:45:46.447 CDT 2017; 86,8933181762695; 
 1495637148.43647; Wed May 24 16:45:48.436 CDT 2017; 86,8665390014648; 
 1495637150.64546; Wed May 24 16:45:50.645 CDT 2017; 86,8375549316406; 
 1495637152.63246; Wed May 24 16:45:52.632 CDT 2017; 86,8107604980469; 
 1495637154.62047; Wed May 24 16:45:54.620 CDT 2017; 86,784423828125; 
 1495637156.60946; Wed May 24 16:45:56.609 CDT 2017; 86,7576675415039; 
 1495637158.59846; Wed May 24 16:45:58.598 CDT 2017; 86,7311019897461; 
 1495637160.58646; Wed May 24 16:46:00.586 CDT 2017; 86,705078125; 
 1495637162.57447; Wed May 24 16:46:02.574 CDT 2017; 86,6788787841797; 
 1495637164.56246; Wed May 24 16:46:04.562 CDT 2017; 86,652717590332; 
 1495637166.55047; Wed May 24 16:46:06.550 CDT 2017; 86,6260452270508; 
 1495637168.53946; Wed May 24 16:46:08.539 CDT 2017; 86,599365234375; 
 1495637170.52646; Wed May 24 16:46:10.526 CDT 2017; 87,0097045898438; 
 1495637172.51447; Wed May 24 16:46:12.514 CDT 2017; 88,7610168457031; 
 1495637174.50247; Wed May 24 16:46:14.502 CDT 2017; 90,4970703125; 
 1495637176.49046; Wed May 24 16:46:16.490 CDT 2017; 92,2312240600586; 
 1495637178.47947; Wed May 24 16:46:18.479 CDT 2017; 92,2036666870117; 
 1495637180.46547; Wed May 24 16:46:20.465 CDT 2017; 92,176887512207; 
 1495637182.45146; Wed May 24 16:46:22.451 CDT 2017; 92,1495513916016; 
 1495637184.44046; Wed May 24 16:46:24.440 CDT 2017; 92,1225280761719; 
 1495637186.64746; Wed May 24 16:46:26.647 CDT 2017; 92,0920486450195; 
 1495637188.63446; Wed May 24 16:46:28.634 CDT 2017; 92,0645065307617; 
 1495637190.62146; Wed May 24 16:46:30.621 CDT 2017; 92,0368499755859; 
 1495637192.60846; Wed May 24 16:46:32.608 CDT 2017; 92,0087356567383; 
 1495637194.59647; Wed May 24 16:46:34.596 CDT 2017; 91,9807434082031; 
 1495637196.58347; Wed May 24 16:46:36.583 CDT 2017; 91,9531936645508; 
 1495637198.57246; Wed May 24 16:46:38.572 CDT 2017; 91,9248123168945; 
 1495637200.56147; Wed May 24 16:46:40.561 CDT 2017; 91,897087097168; 
 1495637202.54946; Wed May 24 16:46:42.549 CDT 2017; 91,8698577880859; 
 1495637204.53747; Wed May 24 16:46:44.537 CDT 2017; 91,8418807983398; 
 1495637206.52547; Wed May 24 16:46:46.525 CDT 2017; 91,8145294189453; 
 1495637208.51346; Wed May 24 16:46:48.513 CDT 2017; 91,7856521606445; 
 1495637210.50247; Wed May 24 16:46:50.502 CDT 2017; 91,7580871582031; 
 1495637212.49046; Wed May 24 16:46:52.490 CDT 2017; 91,7306900024414; 
 1495637214.47847; Wed May 24 16:46:54.478 CDT 2017; 91,7030639648438; 
 1495637216.46646; Wed May 24 16:46:56.466 CDT 2017; 91,6752777099609; 
 1495637218.45446; Wed May 24 16:46:58.454 CDT 2017; 91,6478576660156; 
 1495637220.44247; Wed May 24 16:47:00.442 CDT 2017; 91,6203994750977; 
 1495637222.65146; Wed May 24 16:47:02.651 CDT 2017; 91,5895462036133; 
 1495637224.63947; Wed May 24 16:47:04.639 CDT 2017; 91,5617446899414; 
 1495637226.62747; Wed May 24 16:47:06.627 CDT 2017; 91,5326843261719; 
 1495637228.61546; Wed May 24 16:47:08.615 CDT 2017; 91,5062789916992; 
 1495637230.60347; Wed May 24 16:47:10.603 CDT 2017; 91,4781646728516; 
 1495637232.59146; Wed May 24 16:47:12.591 CDT 2017; 91,4507369995117; 
 1495637234.57846; Wed May 24 16:47:14.578 CDT 2017; 91,4225006103516; 
 1495637236.56546; Wed May 24 16:47:16.565 CDT 2017; 91,3933868408203; 
 1495637238.55447; Wed May 24 16:47:18.554 CDT 2017; 91,3651275634766; 
 1495637240.54246; Wed May 24 16:47:20.542 CDT 2017; 91,3378067016602; 
 1495637242.52946; Wed May 24 16:47:22.529 CDT 2017; 91,3099822998047; 
 1495637244.51747; Wed May 24 16:47:24.517 CDT 2017; 91,2823791503906; 
 1495637246.50646; Wed May 24 16:47:26.506 CDT 2017; 91,2536010742188; 
 1495637248.49547; Wed May 24 16:47:28.495 CDT 2017; 91,2262802124023; 
 1495637250.48247; Wed May 24 16:47:30.482 CDT 2017; 91,1987686157227; 
 1495637252.47046; Wed May 24 16:47:32.470 CDT 2017; 91,1706619262695; 
 1495637254.45746; Wed May 24 16:47:34.457 CDT 2017; 91,142951965332; 
 1495637256.66647; Wed May 24 16:47:36.666 CDT 2017; 91,1121978759766; 
 1495637258.65647; Wed May 24 16:47:38.656 CDT 2017; 91,0841217041016; 
 1495637260.64446; Wed May 24 16:47:40.644 CDT 2017; 91,055305480957; 
 1495637262.63246; Wed May 24 16:47:42.632 CDT 2017; 91,0270614624023; 
 1495637264.61947; Wed May 24 16:47:44.619 CDT 2017; 90,9982452392578; 
 1495637266.60747; Wed May 24 16:47:46.607 CDT 2017; 90,9710311889648; 
 1495637268.59747; Wed May 24 16:47:48.597 CDT 2017; 90,9439468383789; 
 1495637270.58447; Wed May 24 16:47:50.584 CDT 2017; 90,9160690307617; 
 1495637272.57246; Wed May 24 16:47:52.572 CDT 2017; 90,8886413574219; 
 1495637274.55946; Wed May 24 16:47:54.559 CDT 2017; 90,8596801757813; 
 1495637276.54847; Wed May 24 16:47:56.548 CDT 2017; 90,8316040039063; 
 1495637278.53646; Wed May 24 16:47:58.536 CDT 2017; 90,8027572631836; 
 1495637280.52447; Wed May 24 16:48:00.524 CDT 2017; 90,7754364013672; 
 1495637282.51247; Wed May 24 16:48:02.512 CDT 2017; 90,7487869262695; 
 1495637284.50046; Wed May 24 16:48:04.500 CDT 2017; 90,723762512207; 
 1495637286.48946; Wed May 24 16:48:06.489 CDT 2017; 90,6954650878906; 
 1495637288.47847; Wed May 24 16:48:08.478 CDT 2017; 90,6567001342773; 
 1495637290.46646; Wed May 24 16:48:10.466 CDT 2017; 90,6242294311523; 
 1495637292.67247; Wed May 24 16:48:12.672 CDT 2017; 90,5894546508789; 
 1495637294.66047; Wed May 24 16:48:14.660 CDT 2017; 90,8157043457031; 
 1495637296.64947; Wed May 24 16:48:16.649 CDT 2017; 91,3245010375977; 
 1495637298.63747; Wed May 24 16:48:18.637 CDT 2017; 91,8365173339844; 
 1495637300.62446; Wed May 24 16:48:20.624 CDT 2017; 92,3510818481445; 
 1495637302.61146; Wed May 24 16:48:22.611 CDT 2017; 92,8660888671875; 
 1495637304.60047; Wed May 24 16:48:24.600 CDT 2017; 93,3885879516602; 
 1495637306.58946; Wed May 24 16:48:26.589 CDT 2017; 93,9043045043945; 
 1495637308.57646; Wed May 24 16:48:28.576 CDT 2017; 94,4269180297852; 
 1495637310.56246; Wed May 24 16:48:30.562 CDT 2017; 94,9546737670898; 
 1495637312.55147; Wed May 24 16:48:32.551 CDT 2017; 95,4797973632813; 
 1495637314.54047; Wed May 24 16:48:34.540 CDT 2017; 96,0219421386719; 
 1495637316.52747; Wed May 24 16:48:36.527 CDT 2017; 96,5323944091797; 
 1495637318.51547; Wed May 24 16:48:38.515 CDT 2017; 97,0671997070313; 
 1495637319.62047; Wed May 24 16:48:39.620 CDT 2017; 97,2740097045898; 
 1495637321.60747; Wed May 24 16:48:41.607 CDT 2017; 97,2360305786133; 
 1495637323.59447; Wed May 24 16:48:43.594 CDT 2017; 97,2048645019531; 
 1495637325.58246; Wed May 24 16:48:45.582 CDT 2017; 97,6900482177734; 
 1495637327.57147; Wed May 24 16:48:47.571 CDT 2017; 98,2318572998047; 
 1495637329.55946; Wed May 24 16:48:49.559 CDT 2017; 98,7786026000977; 
 1495637331.54747; Wed May 24 16:48:51.547 CDT 2017; 99,3091583251953; 
 1495637333.53547; Wed May 24 16:48:53.535 CDT 2017; 99,8451690673828; 
 1495637335.52246; Wed May 24 16:48:55.522 CDT 2017; 100,374382019043; 
 1495637337.51046; Wed May 24 16:48:57.510 CDT 2017; 100,906600952148; 
 1495637339.49646; Wed May 24 16:48:59.496 CDT 2017; 100,929641723633; 
 1495637341.48346; Wed May 24 16:49:01.483 CDT 2017; 100,899108886719; 
 1495637343.47046; Wed May 24 16:49:03.470 CDT 2017; 100,86612701416; 
 1495637345.45847; Wed May 24 16:49:05.458 CDT 2017; 100,83129119873; 
 1495637347.44446; Wed May 24 16:49:07.444 CDT 2017; 100,794563293457; 
 1495637349.43247; Wed May 24 16:49:09.432 CDT 2017; 100,755096435547; 
 1495637351.63947; Wed May 24 16:49:11.639 CDT 2017; 100,711395263672; 
 1495637353.62647; Wed May 24 16:49:13.626 CDT 2017; 100,671234130859; 
 1495637355.61446; Wed May 24 16:49:15.614 CDT 2017; 100,629455566406; 
 1495637357.60047; Wed May 24 16:49:17.600 CDT 2017; 100,58805847168; 
 1495637359.58546; Wed May 24 16:49:19.585 CDT 2017; 100,545867919922; 
 1495637361.57447; Wed May 24 16:49:21.574 CDT 2017; 100,504364013672; 
 1495637363.56147; Wed May 24 16:49:23.561 CDT 2017; 100,462982177734; 
 1495637365.54747; Wed May 24 16:49:25.547 CDT 2017; 100,419219970703; 
 1495637367.53447; Wed May 24 16:49:27.534 CDT 2017; 100,376136779785; 
 1495637369.52147; Wed May 24 16:49:29.521 CDT 2017; 100,333587646484; 
 1495637371.50746; Wed May 24 16:49:31.507 CDT 2017; 100,290390014648; 
 1495637373.49547; Wed May 24 16:49:33.495 CDT 2017; 100,247894287109; 
 1495637375.48247; Wed May 24 16:49:35.482 CDT 2017; 100,206825256348; 
 1495637377.46746; Wed May 24 16:49:37.467 CDT 2017; 100,166404724121; 
 1495637379.45547; Wed May 24 16:49:39.455 CDT 2017; 100,128204345703; 
 1495637381.66047; Wed May 24 16:49:41.660 CDT 2017; 100,08373260498; 
 1495637383.64647; Wed May 24 16:49:43.646 CDT 2017; 100,042633056641; 
 1495637385.63347; Wed May 24 16:49:45.633 CDT 2017; 100,002685546875; 
 1495637387.62047; Wed May 24 16:49:47.620 CDT 2017; 99,9639587402344; 
 1495637389.60747; Wed May 24 16:49:49.607 CDT 2017; 100,26318359375; 
 1495637391.59546; Wed May 24 16:49:51.595 CDT 2017; 100,765899658203; 
 1495637393.58246; Wed May 24 16:49:53.582 CDT 2017; 100,913017272949; 
 1495637395.56846; Wed May 24 16:49:55.568 CDT 2017; 100,87264251709; 
 1495637397.55747; Wed May 24 16:49:57.557 CDT 2017; 100,833572387695; 
 1495637399.54447; Wed May 24 16:49:59.544 CDT 2017; 100,793731689453; 
 1495637401.53046; Wed May 24 16:50:01.530 CDT 2017; 100,757133483887; 
 1495637403.51847; Wed May 24 16:50:03.518 CDT 2017; 100,720123291016; 
 1495637405.50547; Wed May 24 16:50:05.505 CDT 2017; 100,685607910156; 
 1495637407.49247; Wed May 24 16:50:07.492 CDT 2017; 100,65495300293; 
 1495637409.47947; Wed May 24 16:50:09.479 CDT 2017; 100,623352050781; 
 1495637411.46646; Wed May 24 16:50:11.466 CDT 2017; 100,596313476563; 
 1495637413.45247; Wed May 24 16:50:13.452 CDT 2017; 100,568687438965; 
 1495637415.66047; Wed May 24 16:50:15.660 CDT 2017; 100,537307739258; 
 1495637417.64846; Wed May 24 16:50:17.648 CDT 2017; 100,508338928223; 
 1495637419.63546; Wed May 24 16:50:19.635 CDT 2017; 100,478675842285; 
 1495637421.62246; Wed May 24 16:50:21.622 CDT 2017; 100,449401855469; 
 1495637423.60946; Wed May 24 16:50:23.609 CDT 2017; 100,41820526123; 
 1495637425.59546; Wed May 24 16:50:25.595 CDT 2017; 100,387420654297; 
 1495637427.58147; Wed May 24 16:50:27.581 CDT 2017; 100,358856201172; 
 1495637429.56946; Wed May 24 16:50:29.569 CDT 2017; 100,329627990723; 
 1495637431.55747; Wed May 24 16:50:31.557 CDT 2017; 100,302368164063; 
 1495637433.54447; Wed May 24 16:50:33.544 CDT 2017; 100,274383544922; 
 1495637435.53147; Wed May 24 16:50:35.531 CDT 2017; 100,245170593262; 
 1495637437.51946; Wed May 24 16:50:37.519 CDT 2017; 100,215393066406; 
 1495637439.50247; Wed May 24 16:50:39.502 CDT 2017; 100,181816101074; 
 1495637441.49046; Wed May 24 16:50:41.490 CDT 2017; 100,14680480957; 
 1495637443.47547; Wed May 24 16:50:43.475 CDT 2017; 100,113250732422; 
 1495637445.46146; Wed May 24 16:50:45.461 CDT 2017; 100,074760437012; 
 1495637447.44746; Wed May 24 16:50:47.447 CDT 2017; 100,037246704102; 
 1495637449.65247; Wed May 24 16:50:49.652 CDT 2017; 99,9951553344727; 
 1495637451.64146; Wed May 24 16:50:51.641 CDT 2017; 99,9581909179688; 
 1495637453.62747; Wed May 24 16:50:53.627 CDT 2017; 100,087059020996; 
 1495637455.61446; Wed May 24 16:50:55.614 CDT 2017; 100,601470947266; 
 1495637457.60146; Wed May 24 16:50:57.601 CDT 2017; 100,909896850586; 
 1495637459.58946; Wed May 24 16:50:59.589 CDT 2017; 100,869552612305; 
 1495637461.57546; Wed May 24 16:51:01.575 CDT 2017; 100,831726074219; 
 1495637463.56246; Wed May 24 16:51:03.562 CDT 2017; 100,794448852539; 
 1495637465.55047; Wed May 24 16:51:05.550 CDT 2017; 100,757148742676; 
 1495637467.53646; Wed May 24 16:51:07.536 CDT 2017; 100,718826293945; 
 1495637469.52346; Wed May 24 16:51:09.523 CDT 2017; 100,682182312012; 
 1495637471.51247; Wed May 24 16:51:11.512 CDT 2017; 100,642639160156; 
 1495637473.49946; Wed May 24 16:51:13.499 CDT 2017; 100,604248046875; 
 1495637476.59047; Wed May 24 16:51:16.590 CDT 2017; 100,547286987305; 
 1495637478.57646; Wed May 24 16:51:18.576 CDT 2017; 100,510391235352; 
 1495637480.56347; Wed May 24 16:51:20.563 CDT 2017; 100,472137451172; 
 1495637482.55147; Wed May 24 16:51:22.551 CDT 2017; 100,432243347168; 
 1495637484.53646; Wed May 24 16:51:24.536 CDT 2017; 100,392379760742; 
 1495637486.52447; Wed May 24 16:51:26.524 CDT 2017; 100,352981567383; 
 1495637488.51147; Wed May 24 16:51:28.511 CDT 2017; 100,314323425293; 
 1495637490.49746; Wed May 24 16:51:30.497 CDT 2017; 100,274085998535; 
 1495637492.48547; Wed May 24 16:51:32.485 CDT 2017; 100,235015869141; 
 1495637494.47247; Wed May 24 16:51:34.472 CDT 2017; 100,19588470459; 
 1495637496.45746; Wed May 24 16:51:36.457 CDT 2017; 100,158081054688; 
 1495637499.54646; Wed May 24 16:51:39.546 CDT 2017; 100,101638793945; 
 1495637501.58455; Wed May 24 16:51:41.585 CDT 2017; 100,063537597656; 
 1495637503.56955; Wed May 24 16:51:43.570 CDT 2017; 100,025970458984; 
 1495637505.55655; Wed May 24 16:51:45.557 CDT 2017; 99,9894332885742; 
 1495637507.54455; Wed May 24 16:51:47.545 CDT 2017; 99,9530715942383; 
 1495637509.53055; Wed May 24 16:51:49.531 CDT 2017; 100,444404602051; 
 1495637511.51755; Wed May 24 16:51:51.518 CDT 2017; 100,955726623535; 
 1495637513.50655; Wed May 24 16:51:53.507 CDT 2017; 100,91731262207; 
 1495637515.49255; Wed May 24 16:51:55.493 CDT 2017; 100,879547119141; 
 1495637517.69955; Wed May 24 16:51:57.700 CDT 2017; 100,839126586914; 
 1495637519.68655; Wed May 24 16:51:59.687 CDT 2017; 100,800819396973; 
 1495637521.67355; Wed May 24 16:52:01.674 CDT 2017; 100,761650085449; 
 1495637523.65955; Wed May 24 16:52:03.660 CDT 2017; 100,722114562988; 
 1495637525.64755; Wed May 24 16:52:05.648 CDT 2017; 100,684272766113; 
 1495637527.63455; Wed May 24 16:52:07.635 CDT 2017; 100,643394470215; 
 1495637529.61955; Wed May 24 16:52:09.620 CDT 2017; 100,603622436523; 
 1495637531.60755; Wed May 24 16:52:11.608 CDT 2017; 100,564559936523; 
 1495637533.59455; Wed May 24 16:52:13.595 CDT 2017; 100,525825500488; 
 1495637535.58055; Wed May 24 16:52:15.581 CDT 2017; 100,484970092773; 
 1495637537.56855; Wed May 24 16:52:17.569 CDT 2017; 100,44580078125; 
 1495637538.67155; Wed May 24 16:52:18.672 CDT 2017; 100,423522949219; 
 1495637540.65855; Wed May 24 16:52:20.659 CDT 2017; 100,383255004883; 
 1495637542.64655; Wed May 24 16:52:22.647 CDT 2017; 100,343254089355; 
 1495637544.63255; Wed May 24 16:52:24.633 CDT 2017; 100,301750183105; 
 1495637546.61955; Wed May 24 16:52:26.620 CDT 2017; 100,26057434082; 
 1495637548.60855; Wed May 24 16:52:28.609 CDT 2017; 100,219612121582; 
 1495637550.59255; Wed May 24 16:52:30.593 CDT 2017; 100,179046630859; 
 1495637552.57955; Wed May 24 16:52:32.580 CDT 2017; 100,142097473145; 
 1495637554.56455; Wed May 24 16:52:34.565 CDT 2017; 100,101585388184; 
 1495637556.55055; Wed May 24 16:52:36.551 CDT 2017; 100,061149597168; 
 1495637558.53755; Wed May 24 16:52:38.538 CDT 2017; 100,021347045898; 
 1495637560.52355; Wed May 24 16:52:40.524 CDT 2017; 99,9804992675781; 
 1495637563.61455; Wed May 24 16:52:43.615 CDT 2017; 100,282020568848; 
 1495637565.60155; Wed May 24 16:52:45.602 CDT 2017; 100,816986083984; 
 1495637567.59055; Wed May 24 16:52:47.591 CDT 2017; 100,892333984375; 
 1495637569.57755; Wed May 24 16:52:49.578 CDT 2017; 100,84944152832; 
 1495637571.56355; Wed May 24 16:52:51.564 CDT 2017; 100,808044433594; 
 1495637572.66855; Wed May 24 16:52:52.669 CDT 2017; 100,784332275391; 
 1495637574.65555; Wed May 24 16:52:54.656 CDT 2017; 100,743835449219; 
 1495637576.64155; Wed May 24 16:52:56.642 CDT 2017; 100,70182800293; 
 1495637578.63055; Wed May 24 16:52:58.631 CDT 2017; 100,66024017334; 
 1495637580.61555; Wed May 24 16:53:00.616 CDT 2017; 100,617988586426; 
 1495637582.60255; Wed May 24 16:53:02.603 CDT 2017; 100,576965332031; 
 1495637584.58955; Wed May 24 16:53:04.590 CDT 2017; 100,535400390625; 
 1495637586.57655; Wed May 24 16:53:06.577 CDT 2017; 100,493453979492; 
 1495637587.68155; Wed May 24 16:53:07.682 CDT 2017; 100,470764160156; 
 1495637589.66755; Wed May 24 16:53:09.668 CDT 2017; 100,426376342773; 
 1495637591.65355; Wed May 24 16:53:11.654 CDT 2017; 100,384033203125; 
 1495637593.64255; Wed May 24 16:53:13.643 CDT 2017; 100,343437194824; 
 1495637595.62955; Wed May 24 16:53:15.630 CDT 2017; 100,301773071289; 
 1495637597.61555; Wed May 24 16:53:17.616 CDT 2017; 100,261169433594; 
 1495637599.60355; Wed May 24 16:53:19.604 CDT 2017; 100,219451904297; 
 1495637601.58955; Wed May 24 16:53:21.590 CDT 2017; 100,178863525391; 
 1495637603.57355; Wed May 24 16:53:23.574 CDT 2017; 100,141677856445; 
 1495637605.55955; Wed May 24 16:53:25.560 CDT 2017; 100,099990844727; 
 1495637607.54455; Wed May 24 16:53:27.545 CDT 2017; 100,061500549316; 
 1495637609.53155; Wed May 24 16:53:29.532 CDT 2017; 100,022315979004; 
 1495637611.51655; Wed May 24 16:53:31.517 CDT 2017; 99,9825134277344; 
 1495637614.60855; Wed May 24 16:53:34.609 CDT 2017; 100,274269104004; 
 1495637616.59555; Wed May 24 16:53:36.596 CDT 2017; 100,802223205566; 
 1495637618.58355; Wed May 24 16:53:38.584 CDT 2017; 100,887489318848; 
 1495637620.57055; Wed May 24 16:53:40.571 CDT 2017; 100,848937988281; 
 1495637622.55655; Wed May 24 16:53:42.557 CDT 2017; 100,810401916504; 
 1495637624.54355; Wed May 24 16:53:44.544 CDT 2017; 100,770172119141; 
 1495637626.52955; Wed May 24 16:53:46.530 CDT 2017; 100,729667663574; 
 1495637628.51655; Wed May 24 16:53:48.517 CDT 2017; 100,689788818359; 
 1495637630.50455; Wed May 24 16:53:50.505 CDT 2017; 100,64933013916; 
 1495637632.71155; Wed May 24 16:53:52.712 CDT 2017; 100,604156494141; 
 1495637634.69755; Wed May 24 16:53:54.698 CDT 2017; 100,563491821289; 
 1495637636.68655; Wed May 24 16:53:56.687 CDT 2017; 100,522766113281; 
 1495637638.67355; Wed May 24 16:53:58.674 CDT 2017; 100,482360839844; 
 1495637640.66055; Wed May 24 16:54:00.661 CDT 2017; 100,438690185547; 
 1495637644.63355; Wed May 24 16:54:04.634 CDT 2017; 100,358818054199; 
 1495637646.61955; Wed May 24 16:54:06.620 CDT 2017; 100,316940307617; 
 1495637648.60755; Wed May 24 16:54:08.608 CDT 2017; 100,276649475098; 
 1495637650.59555; Wed May 24 16:54:10.596 CDT 2017; 100,236808776855; 
 1495637652.58055; Wed May 24 16:54:12.581 CDT 2017; 100,196655273438; 
 1495637654.56755; Wed May 24 16:54:14.568 CDT 2017; 100,159271240234; 
 1495637656.55255; Wed May 24 16:54:16.553 CDT 2017; 100,119369506836; 
 1495637658.53855; Wed May 24 16:54:18.539 CDT 2017; 100,07918548584; 
 1495637660.52455; Wed May 24 16:54:20.525 CDT 2017; 100,039253234863; 
 1495637662.50955; Wed May 24 16:54:22.510 CDT 2017; 99,999153137207; 
 1495637664.49855; Wed May 24 16:54:24.499 CDT 2017; 99,9605178833008; 
 1495637666.70555; Wed May 24 16:54:26.706 CDT 2017; 100,329986572266; 
 1495637668.69055; Wed May 24 16:54:28.691 CDT 2017; 100,834739685059; 
 1495637670.67955; Wed May 24 16:54:30.680 CDT 2017; 100,895980834961; 
 1495637672.66655; Wed May 24 16:54:32.667 CDT 2017; 100,854789733887; 
 1495637674.65255; Wed May 24 16:54:34.653 CDT 2017; 100,81421661377; 
 1495637676.63955; Wed May 24 16:54:36.640 CDT 2017; 100,7724609375; 
 1495637678.62755; Wed May 24 16:54:38.628 CDT 2017; 100,731964111328; 
 1495637680.61355; Wed May 24 16:54:40.614 CDT 2017; 100,691719055176; 
 1495637682.60055; Wed May 24 16:54:42.601 CDT 2017; 100,652397155762; 
 1495637684.58855; Wed May 24 16:54:44.589 CDT 2017; 100,611785888672; 
 1495637686.57455; Wed May 24 16:54:46.575 CDT 2017; 100,571334838867; 
 1495637688.56155; Wed May 24 16:54:48.562 CDT 2017; 100,529777526855; 
 1495637690.54955; Wed May 24 16:54:50.550 CDT 2017; 100,488571166992; 
 1495637692.53655; Wed May 24 16:54:52.537 CDT 2017; 100,445442199707; 
 1495637694.52155; Wed May 24 16:54:54.522 CDT 2017; 100,402618408203; 
 1495637696.51055; Wed May 24 16:54:56.511 CDT 2017; 100,359573364258; 
 1495637698.71855; Wed May 24 16:54:58.719 CDT 2017; 100,311241149902; 
 1495637700.48355; Wed May 24 16:55:00.484 CDT 2017; 100,272247314453; 
 1495637702.69155; Wed May 24 16:55:02.692 CDT 2017; 100,224235534668; 
 1495637704.67755; Wed May 24 16:55:04.678 CDT 2017; 100,180656433105; 
 1495637706.66355; Wed May 24 16:55:06.664 CDT 2017; 100,137283325195; 
 1495637708.65155; Wed May 24 16:55:08.652 CDT 2017; 100,093399047852; 
 1495637710.63555; Wed May 24 16:55:10.636 CDT 2017; 100,049255371094; 
 1495637712.62155; Wed May 24 16:55:12.622 CDT 2017; 100,004440307617; 
 1495637714.60955; Wed May 24 16:55:14.610 CDT 2017; 99,9607009887695; 
 1495637716.59655; Wed May 24 16:55:16.597 CDT 2017; 100,053146362305; 
 1495637718.58355; Wed May 24 16:55:18.584 CDT 2017; 100,522552490234; 
 1495637720.57155; Wed May 24 16:55:20.572 CDT 2017; 100,903816223145; 
 1495637722.55855; Wed May 24 16:55:22.559 CDT 2017; 100,857315063477; 
 1495637724.54455; Wed May 24 16:55:24.545 CDT 2017; 100,812980651855; 
 1495637725.65055; Wed May 24 16:55:25.651 CDT 2017; 100,788360595703; 
 1495637727.63655; Wed May 24 16:55:27.637 CDT 2017; 100,744659423828; 
 1495637729.62455; Wed May 24 16:55:29.625 CDT 2017; 100,700218200684; 
 1495637731.61255; Wed May 24 16:55:31.613 CDT 2017; 100,655967712402; 
 1495637733.59855; Wed May 24 16:55:33.599 CDT 2017; 100,613105773926; 
 1495637735.58555; Wed May 24 16:55:35.586 CDT 2017; 100,568428039551; 
 1495637736.69055; Wed May 24 16:55:36.691 CDT 2017; 100,544281005859; 
 1495637738.67655; Wed May 24 16:55:38.677 CDT 2017; 100,498809814453; 
 1495637740.66455; Wed May 24 16:55:40.665 CDT 2017; 100,454605102539; 
 1495637742.65155; Wed May 24 16:55:42.652 CDT 2017; 100,410118103027; 
 1495637744.63755; Wed May 24 16:55:44.638 CDT 2017; 100,363502502441; 
 1495637746.62555; Wed May 24 16:55:46.626 CDT 2017; 100,31770324707; 
 1495637748.61355; Wed May 24 16:55:48.614 CDT 2017; 100,271545410156; 
 1495637750.60055; Wed May 24 16:55:50.601 CDT 2017; 100,226837158203; 
 1495637752.58555; Wed May 24 16:55:52.586 CDT 2017; 100,18376159668; 
 1495637754.57255; Wed May 24 16:55:54.573 CDT 2017; 100,140823364258; 
 1495637756.55655; Wed May 24 16:55:56.557 CDT 2017; 100,097061157227; 
 1495637758.54555; Wed May 24 16:55:58.546 CDT 2017; 100,052978515625; 
 1495637760.52955; Wed May 24 16:56:00.530 CDT 2017; 100,010215759277; 
 1495637762.51755; Wed May 24 16:56:02.518 CDT 2017; 99,9678726196289; 
 1495637764.50555; Wed May 24 16:56:04.506 CDT 2017; 100,144844055176; 
 1495637766.71255; Wed May 24 16:56:06.713 CDT 2017; 100,769134521484; 
 1495637768.47755; Wed May 24 16:56:08.478 CDT 2017; 100,948448181152; 
 1495637770.68655; Wed May 24 16:56:10.687 CDT 2017; 100,900604248047; 
 1495637772.67255; Wed May 24 16:56:12.673 CDT 2017; 100,858070373535; 
 1495637774.65855; Wed May 24 16:56:14.659 CDT 2017; 100,813385009766; 
 1495637776.64655; Wed May 24 16:56:16.647 CDT 2017; 100,76789855957; 
 1495637778.63355; Wed May 24 16:56:18.634 CDT 2017; 100,723411560059; 
 1495637780.61955; Wed May 24 16:56:20.620 CDT 2017; 100,67943572998; 
 1495637782.60655; Wed May 24 16:56:22.607 CDT 2017; 100,634201049805; 
 1495637784.59155; Wed May 24 16:56:24.592 CDT 2017; 100,587051391602; 
 1495637786.57855; Wed May 24 16:56:26.579 CDT 2017; 100,540435791016; 
 1495637788.56755; Wed May 24 16:56:28.568 CDT 2017; 100,493347167969; 
 1495637790.55455; Wed May 24 16:56:30.555 CDT 2017; 100,446922302246; 
 1495637792.54055; Wed May 24 16:56:32.541 CDT 2017; 100,399856567383; 
 1495637794.52855; Wed May 24 16:56:34.529 CDT 2017; 100,353530883789; 
 1495637796.51555; Wed May 24 16:56:36.516 CDT 2017; 100,307403564453; 
 1495637798.50155; Wed May 24 16:56:38.502 CDT 2017; 100,260925292969; 
 1495637800.48855; Wed May 24 16:56:40.489 CDT 2017; 100,215690612793; 
 1495637802.69555; Wed May 24 16:56:42.696 CDT 2017; 100,168144226074; 
 1495637804.68055; Wed May 24 16:56:44.681 CDT 2017; 100,124008178711; 
 1495637806.66755; Wed May 24 16:56:46.668 CDT 2017; 100,079811096191; 
 1495637808.65255; Wed May 24 16:56:48.653 CDT 2017; 100,035926818848; 
 1495637810.63955; Wed May 24 16:56:50.640 CDT 2017; 99,9910430908203; 
 1495637812.62855; Wed May 24 16:56:52.629 CDT 2017; 99,9489135742188; 
 1495637814.61555; Wed May 24 16:56:54.616 CDT 2017; 100,283317565918; 
 1495637816.60155; Wed May 24 16:56:56.602 CDT 2017; 100,805397033691; 
 1495637818.58955; Wed May 24 16:56:58.590 CDT 2017; 100,871505737305; 
 1495637820.57555; Wed May 24 16:57:00.576 CDT 2017; 100,828155517578; 
 1495637822.56155; Wed May 24 16:57:02.562 CDT 2017; 100,786170959473; 
 1495637824.55055; Wed May 24 16:57:04.551 CDT 2017; 100,74333190918; 
 1495637826.53655; Wed May 24 16:57:06.537 CDT 2017; 100,701606750488; 
 1495637828.52255; Wed May 24 16:57:08.523 CDT 2017; 100,65990447998; 
 1495637830.51155; Wed May 24 16:57:10.512 CDT 2017; 100,620697021484; 
 1495637832.49755; Wed May 24 16:57:12.498 CDT 2017; 100,581527709961; 
 1495637834.70455; Wed May 24 16:57:14.705 CDT 2017; 100,538009643555; 
 1495637836.69255; Wed May 24 16:57:16.693 CDT 2017; 100,49836730957; 
 1495637838.67955; Wed May 24 16:57:18.680 CDT 2017; 100,460403442383; 
 1495637840.66655; Wed May 24 16:57:20.667 CDT 2017; 100,42374420166; 
 1495637842.65255; Wed May 24 16:57:22.653 CDT 2017; 100,385963439941; 
 1495637844.64055; Wed May 24 16:57:24.641 CDT 2017; 100,347991943359; 
 1495637846.62655; Wed May 24 16:57:26.627 CDT 2017; 100,310791015625; 
 1495637848.61355; Wed May 24 16:57:28.614 CDT 2017; 100,272125244141; 
 1495637850.60155; Wed May 24 16:57:30.602 CDT 2017; 100,23543548584; 
 1495637852.58855; Wed May 24 16:57:32.589 CDT 2017; 100,198104858398; 
 1495637854.57355; Wed May 24 16:57:34.574 CDT 2017; 100,162948608398; 
 1495637856.56155; Wed May 24 16:57:36.562 CDT 2017; 100,129516601563; 
 1495637858.54655; Wed May 24 16:57:38.547 CDT 2017; 100,094207763672; 
 1495637860.53355; Wed May 24 16:57:40.534 CDT 2017; 100,05940246582; 
 1495637862.51855; Wed May 24 16:57:42.519 CDT 2017; 100,024780273438; 
 1495637864.50455; Wed May 24 16:57:44.505 CDT 2017; 99,9889755249023; 
 1495637866.71455; Wed May 24 16:57:46.715 CDT 2017; 99,9514923095703; 
 1495637868.70055; Wed May 24 16:57:48.701 CDT 2017; 100,431053161621; 
 1495637870.68655; Wed May 24 16:57:50.687 CDT 2017; 100,901763916016; 
 1495637872.67455; Wed May 24 16:57:52.675 CDT 2017; 100,865814208984; 
 1495637874.66255; Wed May 24 16:57:54.663 CDT 2017; 100,831832885742; 
 1495637876.64755; Wed May 24 16:57:56.648 CDT 2017; 100,797302246094; 
 1495637878.63555; Wed May 24 16:57:58.636 CDT 2017; 100,761856079102; 
 1495637880.62255; Wed May 24 16:58:00.623 CDT 2017; 100,721618652344; 
 1495637882.60855; Wed May 24 16:58:02.609 CDT 2017; 100,68123626709; 
 1495637884.59555; Wed May 24 16:58:04.596 CDT 2017; 100,636428833008; 
 1495637886.58355; Wed May 24 16:58:06.584 CDT 2017; 100,593704223633; 
 1495637888.57055; Wed May 24 16:58:08.571 CDT 2017; 100,548416137695; 
 1495637890.55755; Wed May 24 16:58:10.558 CDT 2017; 100,502632141113; 
 1495637892.54555; Wed May 24 16:58:12.546 CDT 2017; 100,455772399902; 
 1495637894.53155; Wed May 24 16:58:14.532 CDT 2017; 100,408462524414; 
 1495637896.51855; Wed May 24 16:58:16.519 CDT 2017; 100,361343383789; 
 1495637898.50655; Wed May 24 16:58:18.507 CDT 2017; 100,314109802246; 
 1495637900.49355; Wed May 24 16:58:20.494 CDT 2017; 100,266662597656; 
 1495637902.70055; Wed May 24 16:58:22.701 CDT 2017; 100,215316772461; 
 1495637905.56855; Wed May 24 16:58:25.569 CDT 2017; 100,150367736816; 
 1495637907.55555; Wed May 24 16:58:27.556 CDT 2017; 100,102783203125; 
 1495637909.53955; Wed May 24 16:58:29.540 CDT 2017; 100,053817749023; 
 1495637911.52755; Wed May 24 16:58:31.528 CDT 2017; 100,006301879883; 
 1495637913.51355; Wed May 24 16:58:33.514 CDT 2017; 99,9589385986328; 
 1495637916.60455; Wed May 24 16:58:36.605 CDT 2017; 100,194519042969; 
 1495637918.59055; Wed May 24 16:58:38.591 CDT 2017; 100,72371673584; 
 1495637920.57855; Wed May 24 16:58:40.579 CDT 2017; 100,888122558594; 
 1495637922.56555; Wed May 24 16:58:42.566 CDT 2017; 100,840690612793; 
 1495637923.66855; Wed May 24 16:58:43.669 CDT 2017; 100,813903808594; 
 1495637925.65555; Wed May 24 16:58:45.656 CDT 2017; 100,765853881836; 
 1495637927.64055; Wed May 24 16:58:47.641 CDT 2017; 100,718948364258; 
 1495637929.62855; Wed May 24 16:58:49.629 CDT 2017; 100,671463012695; 
 1495637931.61555; Wed May 24 16:58:51.616 CDT 2017; 100,624816894531; 
 1495637933.60155; Wed May 24 16:58:53.602 CDT 2017; 100,577812194824; 
 1495637935.58955; Wed May 24 16:58:55.590 CDT 2017; 100,531936645508; 
 1495637937.57555; Wed May 24 16:58:57.576 CDT 2017; 100,48607635498; 
 1495637939.56155; Wed May 24 16:58:59.562 CDT 2017; 100,440734863281; 
 1495637941.54955; Wed May 24 16:59:01.550 CDT 2017; 100,395858764648; 
 1495637943.53655; Wed May 24 16:59:03.537 CDT 2017; 100,351219177246; 
 1495637945.52255; Wed May 24 16:59:05.523 CDT 2017; 100,305137634277; 
 1495637947.51055; Wed May 24 16:59:07.511 CDT 2017; 100,26008605957; 
 1495637949.49755; Wed May 24 16:59:09.498 CDT 2017; 100,216049194336; 
 1495637951.70255; Wed May 24 16:59:11.703 CDT 2017; 100,170135498047; 
 1495637954.57155; Wed May 24 16:59:14.572 CDT 2017; 100,107810974121; 
 1495637956.55955; Wed May 24 16:59:16.560 CDT 2017; 100,064765930176; 
 1495637958.54555; Wed May 24 16:59:18.546 CDT 2017; 100,023231506348; 
 1495637960.53255; Wed May 24 16:59:20.533 CDT 2017; 99,9823608398438; 
 1495637963.62355; Wed May 24 16:59:23.624 CDT 2017; 100,284698486328; 
 1495637965.61155; Wed May 24 16:59:25.612 CDT 2017; 100,817024230957; 
 1495637967.59855; Wed May 24 16:59:27.599 CDT 2017; 100,894348144531; 
 1495637969.58455; Wed May 24 16:59:29.585 CDT 2017; 100,853691101074; 
 1495637971.57255; Wed May 24 16:59:31.573 CDT 2017; 100,813682556152; 
 1495637972.67455; Wed May 24 16:59:32.675 CDT 2017; 100,791900634766; 
 1495637974.66255; Wed May 24 16:59:34.663 CDT 2017; 100,75309753418; 
 1495637976.64855; Wed May 24 16:59:36.649 CDT 2017; 100,713882446289; 
 1495637978.63555; Wed May 24 16:59:38.636 CDT 2017; 100,67431640625; 
 1495637980.62355; Wed May 24 16:59:40.624 CDT 2017; 100,632568359375; 
 1495637982.60955; Wed May 24 16:59:42.610 CDT 2017; 100,590476989746; 
 1495637984.59555; Wed May 24 16:59:44.596 CDT 2017; 100,547622680664; 
 1495637986.58255; Wed May 24 16:59:46.583 CDT 2017; 100,505210876465; 
 1495637988.56855; Wed May 24 16:59:48.569 CDT 2017; 100,460083007813; 
 1495637990.55555; Wed May 24 16:59:50.556 CDT 2017; 100,416702270508; 
 1495637992.54355; Wed May 24 16:59:52.544 CDT 2017; 100,370101928711; 
 1495637994.53055; Wed May 24 16:59:54.531 CDT 2017; 100,325157165527; 
 1495637996.51655; Wed May 24 16:59:56.517 CDT 2017; 100,278900146484; 
 1495637998.50455; Wed May 24 16:59:58.505 CDT 2017; 100,232543945313; 
 1495638000.71255; Wed May 24 17:00:00.713 CDT 2017; 100,184715270996; 
 1495638002.69555; Wed May 24 17:00:02.696 CDT 2017; 100,140090942383; 
 1495638004.68355; Wed May 24 17:00:04.684 CDT 2017; 100,09464263916; 
 1495638006.66855; Wed May 24 17:00:06.669 CDT 2017; 100,049354553223; 
 1495638008.65555; Wed May 24 17:00:08.656 CDT 2017; 100,004211425781; 
 1495638010.64255; Wed May 24 17:00:10.643 CDT 2017; 99,9611587524414; 
 1495638012.62855; Wed May 24 17:00:12.629 CDT 2017; 100,211067199707; 
 1495638014.61555; Wed May 24 17:00:14.616 CDT 2017; 100,737442016602; 
 1495638016.60355; Wed May 24 17:00:16.604 CDT 2017; 100,926116943359; 
 1495638018.58955; Wed May 24 17:00:18.590 CDT 2017; 100,882476806641; 
 1495638020.57655; Wed May 24 17:00:20.577 CDT 2017; 100,837844848633; 
 1495638022.56455; Wed May 24 17:00:22.565 CDT 2017; 100,792083740234; 
 1495638024.54955; Wed May 24 17:00:24.550 CDT 2017; 100,747146606445; 
 1495638026.53655; Wed May 24 17:00:26.537 CDT 2017; 100,701354980469; 
 1495638028.52455; Wed May 24 17:00:28.525 CDT 2017; 100,655868530273; 
 1495638030.51055; Wed May 24 17:00:30.511 CDT 2017; 100,60863494873; 
 1495638032.49755; Wed May 24 17:00:32.498 CDT 2017; 100,561683654785; 
 1495638034.70555; Wed May 24 17:00:34.706 CDT 2017; 100,509330749512; 
 1495638036.69255; Wed May 24 17:00:36.693 CDT 2017; 100,462837219238; 
 1495638038.67955; Wed May 24 17:00:38.680 CDT 2017; 100,41535949707; 
 1495638040.66755; Wed May 24 17:00:40.668 CDT 2017; 100,367851257324; 
 1495638042.65455; Wed May 24 17:00:42.655 CDT 2017; 100,320602416992; 
 1495638044.64055; Wed May 24 17:00:44.641 CDT 2017; 100,275360107422; 
 1495638046.62855; Wed May 24 17:00:46.629 CDT 2017; 100,231262207031; 
 1495638048.61555; Wed May 24 17:00:48.616 CDT 2017; 100,186920166016; 
 1495638050.59955; Wed May 24 17:00:50.600 CDT 2017; 100,141586303711; 
 1495638052.58655; Wed May 24 17:00:52.587 CDT 2017; 100,095916748047; 
 1495638054.57155; Wed May 24 17:00:54.572 CDT 2017; 100,051300048828; 
 1495638056.55855; Wed May 24 17:00:56.559 CDT 2017; 100,007942199707; 
 1495638058.54555; Wed May 24 17:00:58.546 CDT 2017; 99,963134765625; 
 1495638060.53155; Wed May 24 17:01:00.532 CDT 2017; 100,204177856445; 
 1495638062.51955; Wed May 24 17:01:02.520 CDT 2017; 100,735214233398; 
 1495638064.50655; Wed May 24 17:01:04.507 CDT 2017; 100,892402648926; 
 1495638066.49255; Wed May 24 17:01:06.493 CDT 2017; 100,847045898438; 
 1495638068.70055; Wed May 24 17:01:08.701 CDT 2017; 100,79761505127; 
 1495638070.68855; Wed May 24 17:01:10.689 CDT 2017; 100,752555847168; 
 1495638072.67455; Wed May 24 17:01:12.675 CDT 2017; 100,708045959473; 
 1495638074.66255; Wed May 24 17:01:14.663 CDT 2017; 100,664375305176; 
 1495638076.65055; Wed May 24 17:01:16.651 CDT 2017; 100,619277954102; 
 1495638078.63655; Wed May 24 17:01:18.637 CDT 2017; 100,574981689453; 
 1495638080.62355; Wed May 24 17:01:20.624 CDT 2017; 100,529342651367; 
 1495638082.61155; Wed May 24 17:01:22.612 CDT 2017; 100,483978271484; 
 1495638084.59955; Wed May 24 17:01:24.600 CDT 2017; 100,437538146973; 
 1495638086.58455; Wed May 24 17:01:26.585 CDT 2017; 100,391014099121; 
 1495638088.57155; Wed May 24 17:01:28.572 CDT 2017; 100,345336914063; 
 1495638090.55955; Wed May 24 17:01:30.560 CDT 2017; 100,299346923828; 
 1495638092.54655; Wed May 24 17:01:32.547 CDT 2017; 100,253890991211; 
 1495638094.53255; Wed May 24 17:01:34.533 CDT 2017; 100,21118927002; 
 1495638096.51955; Wed May 24 17:01:36.520 CDT 2017; 100,16584777832; 
 1495638098.50355; Wed May 24 17:01:38.504 CDT 2017; 100,120788574219; 
 1495638100.49155; Wed May 24 17:01:40.492 CDT 2017; 100,076789855957; 
 1495638102.69755; Wed May 24 17:01:42.698 CDT 2017; 100,028121948242; 
 1495638104.68355; Wed May 24 17:01:44.684 CDT 2017; 99,9850158691406; 
 1495638106.67255; Wed May 24 17:01:46.673 CDT 2017; 99,9417495727539; 
 1495638108.66055; Wed May 24 17:01:48.661 CDT 2017; 100,386650085449; 
 1495638110.64655; Wed May 24 17:01:50.647 CDT 2017; 100,92520904541; 
 1495638112.63455; Wed May 24 17:01:52.635 CDT 2017; 100,897338867188; 
 1495638114.62255; Wed May 24 17:01:54.623 CDT 2017; 100,85417175293; 
 1495638116.60955; Wed May 24 17:01:56.610 CDT 2017; 100,811264038086; 
 1495638118.59555; Wed May 24 17:01:58.596 CDT 2017; 100,76887512207; 
 1495638120.58355; Wed May 24 17:02:00.584 CDT 2017; 100,726959228516; 
 1495638122.56955; Wed May 24 17:02:02.570 CDT 2017; 100,68440246582; 
 1495638124.55655; Wed May 24 17:02:04.557 CDT 2017; 100,641700744629; 
 1495638126.54455; Wed May 24 17:02:06.545 CDT 2017; 100,598297119141; 
 1495638128.53155; Wed May 24 17:02:08.532 CDT 2017; 100,553558349609; 
 1495638130.51755; Wed May 24 17:02:10.518 CDT 2017; 100,508728027344; 
 1495638132.50555; Wed May 24 17:02:12.506 CDT 2017; 100,464241027832; 
 1495638134.49255; Wed May 24 17:02:14.493 CDT 2017; 100,418815612793; 
 1495638136.69955; Wed May 24 17:02:16.700 CDT 2017; 100,367393493652; 
 1495638138.68555; Wed May 24 17:02:18.686 CDT 2017; 100,320098876953; 
 1495638140.67455; Wed May 24 17:02:20.675 CDT 2017; 100,274436950684; 
 1495638142.66055; Wed May 24 17:02:22.661 CDT 2017; 100,228561401367; 
 1495638144.64655; Wed May 24 17:02:24.647 CDT 2017; 100,183044433594; 
 1495638146.63255; Wed May 24 17:02:26.633 CDT 2017; 100,13744354248; 
 1495638148.61755; Wed May 24 17:02:28.618 CDT 2017; 100,091361999512; 
 1495638150.60555; Wed May 24 17:02:30.606 CDT 2017; 100,04662322998; 
 1495638152.58955; Wed May 24 17:02:32.590 CDT 2017; 100,001190185547; 
 1495638154.57755; Wed May 24 17:02:34.578 CDT 2017; 99,9551467895508; 
 1495638156.56655; Wed May 24 17:02:36.567 CDT 2017; 99,9100341796875; 
 1495638158.55355; Wed May 24 17:02:38.554 CDT 2017; 100,303276062012; 
 1495638160.54055; Wed May 24 17:02:40.541 CDT 2017; 100,855453491211; 
 1495638162.52755; Wed May 24 17:02:42.528 CDT 2017; 100,875885009766; 
 1495638164.51555; Wed May 24 17:02:44.516 CDT 2017; 100,830184936523; 
 1495638166.50055; Wed May 24 17:02:46.501 CDT 2017; 100,785079956055; 
 1495638168.70855; Wed May 24 17:02:48.709 CDT 2017; 100,733528137207; 
 1495638171.57855; Wed May 24 17:02:51.579 CDT 2017; 100,66667175293; 
 1495638173.56755; Wed May 24 17:02:53.568 CDT 2017; 100,621192932129; 
 1495638175.55155; Wed May 24 17:02:55.552 CDT 2017; 100,576065063477; 
 1495638177.53855; Wed May 24 17:02:57.539 CDT 2017; 100,530479431152; 
 1495638179.52555; Wed May 24 17:02:59.526 CDT 2017; 100,484764099121; 
 1495638181.51155; Wed May 24 17:03:01.512 CDT 2017; 100,440322875977; 
 1495638183.49855; Wed May 24 17:03:03.499 CDT 2017; 100,395721435547; 
 1495638185.70755; Wed May 24 17:03:05.708 CDT 2017; 100,344650268555; 
 1495638187.69355; Wed May 24 17:03:07.694 CDT 2017; 100,298873901367; 
 1495638189.67955; Wed May 24 17:03:09.680 CDT 2017; 100,255386352539; 
 1495638191.66755; Wed May 24 17:03:11.668 CDT 2017; 100,213401794434; 
 1495638193.65155; Wed May 24 17:03:13.652 CDT 2017; 100,171371459961; 
 1495638195.63955; Wed May 24 17:03:15.640 CDT 2017; 100,128364562988; 
 1495638197.62355; Wed May 24 17:03:17.624 CDT 2017; 100,085876464844; 
 1495638199.61055; Wed May 24 17:03:19.611 CDT 2017; 100,044624328613; 
 1495638201.59655; Wed May 24 17:03:21.597 CDT 2017; 100,002944946289; 
 1495638203.58355; Wed May 24 17:03:23.584 CDT 2017; 99,9615478515625; 
 1495638206.67655; Wed May 24 17:03:26.677 CDT 2017; 100,309921264648; 
 1495638208.66355; Wed May 24 17:03:28.664 CDT 2017; 100,919784545898; 
 1495638211.53255; Wed May 24 17:03:31.533 CDT 2017; 100,887573242188; 
 1495638213.52055; Wed May 24 17:03:33.521 CDT 2017; 100,846343994141; 
 1495638215.50655; Wed May 24 17:03:35.507 CDT 2017; 100,801742553711; 
 1495638217.49355; Wed May 24 17:03:37.494 CDT 2017; 100,759162902832; 
 1495638219.70255; Wed May 24 17:03:39.703 CDT 2017; 100,708930969238; 
 1495638221.68955; Wed May 24 17:03:41.690 CDT 2017; 100,6640625; 
 1495638223.67655; Wed May 24 17:03:43.677 CDT 2017; 100,620948791504; 
 1495638225.66255; Wed May 24 17:03:45.663 CDT 2017; 100,576820373535; 
 1495638227.65155; Wed May 24 17:03:47.652 CDT 2017; 100,533767700195; 
 1495638229.63755; Wed May 24 17:03:49.638 CDT 2017; 100,489700317383; 
 1495638231.40355; Wed May 24 17:03:51.404 CDT 2017; 100,450790405273; 
 1495638233.61155; Wed May 24 17:03:53.612 CDT 2017; 100,402519226074; 
 1495638235.59755; Wed May 24 17:03:55.598 CDT 2017; 100,360153198242; 
 1495638237.58455; Wed May 24 17:03:57.585 CDT 2017; 100,318260192871; 
 1495638239.57255; Wed May 24 17:03:59.573 CDT 2017; 100,277671813965; 
 1495638241.55955; Wed May 24 17:04:01.560 CDT 2017; 100,236045837402; 
 1495638243.54455; Wed May 24 17:04:03.545 CDT 2017; 100,195358276367; 
 1495638245.53155; Wed May 24 17:04:05.532 CDT 2017; 100,156005859375; 
 1495638247.51655; Wed May 24 17:04:07.517 CDT 2017; 100,113800048828; 
 1495638249.50355; Wed May 24 17:04:09.504 CDT 2017; 100,070404052734; 
 1495638251.70955; Wed May 24 17:04:11.710 CDT 2017; 100,022163391113; 
 1495638253.69655; Wed May 24 17:04:13.697 CDT 2017; 99,9789810180664; 
 1495638255.68455; Wed May 24 17:04:15.685 CDT 2017; 99,9360275268555; 
 1495638257.67255; Wed May 24 17:04:17.673 CDT 2017; 100,393035888672; 
 1495638259.65955; Wed May 24 17:04:19.660 CDT 2017; 100,927352905273; 
 1495638261.64555; Wed May 24 17:04:21.646 CDT 2017; 100,880126953125; 
 1495638263.63455; Wed May 24 17:04:23.635 CDT 2017; 100,835990905762; 
 1495638265.61955; Wed May 24 17:04:25.620 CDT 2017; 100,788955688477; 
 1495638267.60655; Wed May 24 17:04:27.607 CDT 2017; 100,744338989258; 
 1495638269.59455; Wed May 24 17:04:29.595 CDT 2017; 100,698486328125; 
 1495638271.58055; Wed May 24 17:04:31.581 CDT 2017; 100,651634216309; 
 1495638273.56655; Wed May 24 17:04:33.567 CDT 2017; 100,605529785156; 
 1495638275.55555; Wed May 24 17:04:35.556 CDT 2017; 100,557723999023; 
 1495638277.54055; Wed May 24 17:04:37.541 CDT 2017; 100,513313293457; 
 1495638279.52755; Wed May 24 17:04:39.528 CDT 2017; 100,466796875; 
 1495638281.51555; Wed May 24 17:04:41.516 CDT 2017; 100,420677185059; 
 1495638283.72055; Wed May 24 17:04:43.721 CDT 2017; 100,368743896484; 
 1495638285.70755; Wed May 24 17:04:45.708 CDT 2017; 100,324928283691; 
 1495638287.69555; Wed May 24 17:04:47.696 CDT 2017; 100,278160095215; 
 1495638289.68255; Wed May 24 17:04:49.683 CDT 2017; 100,234077453613; 
 1495638291.66855; Wed May 24 17:04:51.669 CDT 2017; 100,191268920898; 
 1495638293.65555; Wed May 24 17:04:53.656 CDT 2017; 100,146781921387; 
 1495638295.64055; Wed May 24 17:04:55.641 CDT 2017; 100,102462768555; 
 1495638297.62755; Wed May 24 17:04:57.628 CDT 2017; 100,057022094727; 
 1495638299.61255; Wed May 24 17:04:59.613 CDT 2017; 100,012283325195; 
 1495638301.60055; Wed May 24 17:05:01.601 CDT 2017; 99,9675674438477; 
 1495638303.58855; Wed May 24 17:05:03.589 CDT 2017; 100,121757507324; 
 1495638305.57455; Wed May 24 17:05:05.575 CDT 2017; 100,611068725586; 
 1495638307.56055; Wed May 24 17:05:07.561 CDT 2017; 100,769226074219; 
 1495638309.54855; Wed May 24 17:05:09.549 CDT 2017; 100,723266601563; 
 1495638310.65155; Wed May 24 17:05:10.652 CDT 2017; 100,697235107422; 
 1495638312.63955; Wed May 24 17:05:12.640 CDT 2017; 100,653167724609; 
 1495638314.62755; Wed May 24 17:05:14.628 CDT 2017; 100,607711791992; 
 1495638316.61355; Wed May 24 17:05:16.614 CDT 2017; 100,562637329102; 
 1495638318.60055; Wed May 24 17:05:18.601 CDT 2017; 100,518653869629; 
 1495638320.58855; Wed May 24 17:05:20.589 CDT 2017; 100,475112915039; 
 1495638322.57455; Wed May 24 17:05:22.575 CDT 2017; 100,431015014648; 
 1495638324.56155; Wed May 24 17:05:24.562 CDT 2017; 100,386871337891; 
 1495638326.54955; Wed May 24 17:05:26.550 CDT 2017; 100,342010498047; 
 1495638328.53555; Wed May 24 17:05:28.536 CDT 2017; 100,299034118652; 
 1495638330.52255; Wed May 24 17:05:30.523 CDT 2017; 100,256164550781; 
 1495638332.51055; Wed May 24 17:05:32.511 CDT 2017; 100,214279174805; 
 1495638334.49655; Wed May 24 17:05:34.497 CDT 2017; 100,174911499023; 
 1495638336.70255; Wed May 24 17:05:36.703 CDT 2017; 100,129867553711; 
 1495638338.69055; Wed May 24 17:05:38.691 CDT 2017; 100,088417053223; 
 1495638340.67555; Wed May 24 17:05:40.676 CDT 2017; 100,04711151123; 
 1495638342.66155; Wed May 24 17:05:42.662 CDT 2017; 100,005653381348; 
 1495638344.64755; Wed May 24 17:05:44.648 CDT 2017; 99,9632339477539; 
 1495638346.63455; Wed May 24 17:05:46.635 CDT 2017; 99,9209213256836; 
 1495638348.62255; Wed May 24 17:05:48.623 CDT 2017; 100,235275268555; 
 1495638350.61055; Wed May 24 17:05:50.611 CDT 2017; 100,80931854248; 
 1495638352.59555; Wed May 24 17:05:52.596 CDT 2017; 100,929634094238; 
 1495638354.58255; Wed May 24 17:05:54.583 CDT 2017; 100,884674072266; 
 1495638356.57055; Wed May 24 17:05:56.571 CDT 2017; 100,841026306152; 
 1495638358.55655; Wed May 24 17:05:58.557 CDT 2017; 100,796516418457; 
 1495638360.54355; Wed May 24 17:06:00.544 CDT 2017; 100,752647399902; 
 1495638362.53255; Wed May 24 17:06:02.533 CDT 2017; 100,708511352539; 
 1495638364.51955; Wed May 24 17:06:04.520 CDT 2017; 100,665069580078; 
 1495638366.50555; Wed May 24 17:06:06.506 CDT 2017; 100,620811462402; 
 1495638368.49355; Wed May 24 17:06:08.494 CDT 2017; 100,575454711914; 
 1495638370.70055; Wed May 24 17:06:10.701 CDT 2017; 100,527297973633; 
 1495638372.68655; Wed May 24 17:06:12.687 CDT 2017; 100,482955932617; 
 1495638374.67455; Wed May 24 17:06:14.675 CDT 2017; 100,440338134766; 
 1495638376.66155; Wed May 24 17:06:16.662 CDT 2017; 100,396430969238; 
 1495638378.64755; Wed May 24 17:06:18.648 CDT 2017; 100,351867675781; 
 1495638380.63455; Wed May 24 17:06:20.635 CDT 2017; 100,308746337891; 
 1495638382.62255; Wed May 24 17:06:22.623 CDT 2017; 100,266120910645; 
 1495638384.60755; Wed May 24 17:06:24.608 CDT 2017; 100,222305297852; 
 1495638386.59455; Wed May 24 17:06:26.595 CDT 2017; 100,178924560547; 
 1495638388.58155; Wed May 24 17:06:28.582 CDT 2017; 100,136528015137; 
 1495638390.56655; Wed May 24 17:06:30.567 CDT 2017; 100,094825744629; 
 1495638392.55455; Wed May 24 17:06:32.555 CDT 2017; 100,055709838867; 
 1495638394.53855; Wed May 24 17:06:34.539 CDT 2017; 100,016166687012; 
 1495638396.52655; Wed May 24 17:06:36.527 CDT 2017; 99,9762878417969; 
 1495638398.51555; Wed May 24 17:06:38.516 CDT 2017; 100,103546142578; 
 1495638400.72155; Wed May 24 17:06:40.722 CDT 2017; 100,784797668457; 
 1495638402.70855; Wed May 24 17:06:42.709 CDT 2017; 100,897682189941; 
 1495638404.69655; Wed May 24 17:06:44.697 CDT 2017; 100,857818603516; 
 1495638406.68355; Wed May 24 17:06:46.684 CDT 2017; 100,817245483398; 
 1495638408.66955; Wed May 24 17:06:48.670 CDT 2017; 100,776840209961; 
 1495638410.65755; Wed May 24 17:06:50.658 CDT 2017; 100,734931945801; 
 1495638412.64455; Wed May 24 17:06:52.645 CDT 2017; 100,692367553711; 
 1495638414.63155; Wed May 24 17:06:54.632 CDT 2017; 100,649871826172; 
 1495638416.61755; Wed May 24 17:06:56.618 CDT 2017; 100,606071472168; 
 1495638418.60555; Wed May 24 17:06:58.606 CDT 2017; 100,561416625977; 
 1495638420.59155; Wed May 24 17:07:00.592 CDT 2017; 100,51830291748; 
 1495638422.57855; Wed May 24 17:07:02.579 CDT 2017; 100,474029541016; 
 1495638424.56755; Wed May 24 17:07:04.568 CDT 2017; 100,429809570313; 
 1495638426.55355; Wed May 24 17:07:06.554 CDT 2017; 100,385040283203; 
 1495638427.65755; Wed May 24 17:07:07.658 CDT 2017; 100,359535217285; 
 1495638429.64455; Wed May 24 17:07:09.645 CDT 2017; 100,315383911133; 
 1495638431.63055; Wed May 24 17:07:11.631 CDT 2017; 100,271789550781; 
 1495638433.61855; Wed May 24 17:07:13.619 CDT 2017; 100,228004455566; 
 1495638435.60455; Wed May 24 17:07:15.605 CDT 2017; 100,182266235352; 
 1495638437.63958; Wed May 24 17:07:17.640 CDT 2017; 100,137084960938; 
 1495638439.62658; Wed May 24 17:07:19.627 CDT 2017; 100,091163635254; 
 1495638441.61058; Wed May 24 17:07:21.611 CDT 2017; 100,047119140625; 
 1495638443.59858; Wed May 24 17:07:23.599 CDT 2017; 100,00358581543; 
 1495638445.58558; Wed May 24 17:07:25.586 CDT 2017; 99,9592666625977; 
 1495638447.57158; Wed May 24 17:07:27.572 CDT 2017; 100,031089782715; 
 1495638449.55958; Wed May 24 17:07:29.560 CDT 2017; 100,571830749512; 
 1495638451.54758; Wed May 24 17:07:31.548 CDT 2017; 100,859977722168; 
 1495638453.75458; Wed May 24 17:07:33.755 CDT 2017; 100,810249328613; 
 1495638455.74058; Wed May 24 17:07:35.741 CDT 2017; 100,765563964844; 
 1495638457.72758; Wed May 24 17:07:37.728 CDT 2017; 100,720359802246; 
 1495638459.71358; Wed May 24 17:07:39.714 CDT 2017; 100,675735473633; 
 1495638461.70158; Wed May 24 17:07:41.702 CDT 2017; 100,631980895996; 
 1495638463.68858; Wed May 24 17:07:43.689 CDT 2017; 100,587432861328; 
 1495638465.67558; Wed May 24 17:07:45.676 CDT 2017; 100,54216003418; 
 1495638467.66258; Wed May 24 17:07:47.663 CDT 2017; 100,497970581055; 
 1495638469.65058; Wed May 24 17:07:49.651 CDT 2017; 100,45304107666; 
 1495638471.63758; Wed May 24 17:07:51.638 CDT 2017; 100,40779876709; 
 1495638473.62358; Wed May 24 17:07:53.624 CDT 2017; 100,363220214844; 
 1495638475.61258; Wed May 24 17:07:55.613 CDT 2017; 100,317749023438; 
 1495638477.60058; Wed May 24 17:07:57.601 CDT 2017; 100,27490234375; 
 1495638479.58558; Wed May 24 17:07:59.586 CDT 2017; 100,230117797852; 
 1495638481.57258; Wed May 24 17:08:01.573 CDT 2017; 100,187469482422; 
 1495638483.55958; Wed May 24 17:08:03.560 CDT 2017; 100,142906188965; 
 1495638485.54358; Wed May 24 17:08:05.544 CDT 2017; 100,1005859375; 
 1495638487.75258; Wed May 24 17:08:07.753 CDT 2017; 100,053855895996; 
 1495638489.73658; Wed May 24 17:08:09.737 CDT 2017; 100,014541625977; 
 1495638491.72358; Wed May 24 17:08:11.724 CDT 2017; 99,9738998413086; 
 1495638495.69758; Wed May 24 17:08:15.698 CDT 2017; 100,68717956543; 
 1495638497.68458; Wed May 24 17:08:17.685 CDT 2017; 100,937545776367; 
 1495638499.67358; Wed May 24 17:08:19.674 CDT 2017; 100,895683288574; 
 1495638501.65858; Wed May 24 17:08:21.659 CDT 2017; 100,85572052002; 
 1495638503.64458; Wed May 24 17:08:23.645 CDT 2017; 100,814636230469; 
 1495638505.63358; Wed May 24 17:08:25.634 CDT 2017; 100,773284912109; 
 1495638507.61958; Wed May 24 17:08:27.620 CDT 2017; 100,733345031738; 
 1495638509.60558; Wed May 24 17:08:29.606 CDT 2017; 100,691680908203; 
 1495638511.59458; Wed May 24 17:08:31.595 CDT 2017; 100,651809692383; 
 1495638513.58058; Wed May 24 17:08:33.581 CDT 2017; 100,609970092773; 
 1495638515.56758; Wed May 24 17:08:35.568 CDT 2017; 100,569473266602; 
 1495638517.55558; Wed May 24 17:08:37.556 CDT 2017; 100,529747009277; 
 1495638519.54258; Wed May 24 17:08:39.543 CDT 2017; 100,485610961914; 
 1495638521.75058; Wed May 24 17:08:41.751 CDT 2017; 100,438377380371; 
 1495638523.73658; Wed May 24 17:08:43.737 CDT 2017; 100,393974304199; 
 1495638525.72558; Wed May 24 17:08:45.726 CDT 2017; 100,348472595215; 
 1495638527.71158; Wed May 24 17:08:47.712 CDT 2017; 100,304786682129; 
 1495638529.69758; Wed May 24 17:08:49.698 CDT 2017; 100,259338378906; 
 1495638531.68558; Wed May 24 17:08:51.686 CDT 2017; 100,213310241699; 
 1495638533.67158; Wed May 24 17:08:53.672 CDT 2017; 100,1669921875; 
 1495638535.65758; Wed May 24 17:08:55.658 CDT 2017; 100,120880126953; 
 1495638537.64458; Wed May 24 17:08:57.645 CDT 2017; 100,075073242188; 
 1495638539.62758; Wed May 24 17:08:59.628 CDT 2017; 100,031997680664; 
 1495638541.61558; Wed May 24 17:09:01.616 CDT 2017; 99,9880142211914; 
 1495638543.60258; Wed May 24 17:09:03.603 CDT 2017; 99,9411849975586; 
 1495638545.58958; Wed May 24 17:09:05.590 CDT 2017; 100,009880065918; 
 1495638547.57758; Wed May 24 17:09:07.578 CDT 2017; 100,600440979004; 
 1495638549.56358; Wed May 24 17:09:09.564 CDT 2017; 100,936317443848; 
 1495638551.54958; Wed May 24 17:09:11.550 CDT 2017; 100,890563964844; 
 1495638553.75858; Wed May 24 17:09:13.759 CDT 2017; 100,839889526367; 
 1495638556.62858; Wed May 24 17:09:16.629 CDT 2017; 100,772521972656; 
 1495638558.61658; Wed May 24 17:09:18.617 CDT 2017; 100,727157592773; 
 1495638560.60158; Wed May 24 17:09:20.602 CDT 2017; 100,681571960449; 
 1495638562.58858; Wed May 24 17:09:22.589 CDT 2017; 100,636741638184; 
 1495638564.57658; Wed May 24 17:09:24.577 CDT 2017; 100,593070983887; 
 1495638566.56358; Wed May 24 17:09:26.564 CDT 2017; 100,548439025879; 
 1495638568.55058; Wed May 24 17:09:28.551 CDT 2017; 100,504867553711; 
 1495638570.75858; Wed May 24 17:09:30.759 CDT 2017; 100,45671081543; 
 1495638572.74558; Wed May 24 17:09:32.746 CDT 2017; 100,413604736328; 
 1495638574.73158; Wed May 24 17:09:34.732 CDT 2017; 100,368949890137; 
 1495638576.71958; Wed May 24 17:09:36.720 CDT 2017; 100,323875427246; 
 1495638578.70758; Wed May 24 17:09:38.708 CDT 2017; 100,279350280762; 
 1495638580.69458; Wed May 24 17:09:40.695 CDT 2017; 100,235061645508; 
 1495638582.68058; Wed May 24 17:09:42.681 CDT 2017; 100,191711425781; 
 1495638584.66658; Wed May 24 17:09:44.667 CDT 2017; 100,14631652832; 
 1495638586.65158; Wed May 24 17:09:46.652 CDT 2017; 100,100036621094; 
 1495638588.63858; Wed May 24 17:09:48.639 CDT 2017; 100,057487487793; 
 1495638590.62258; Wed May 24 17:09:50.623 CDT 2017; 100,013084411621; 
 1495638592.61158; Wed May 24 17:09:52.612 CDT 2017; 99,9678649902344; 
 1495638594.59858; Wed May 24 17:09:54.599 CDT 2017; 100,158050537109; 
 1495638596.58558; Wed May 24 17:09:56.586 CDT 2017; 100,757797241211; 
 1495638598.57158; Wed May 24 17:09:58.572 CDT 2017; 100,866256713867; 
 1495638600.55958; Wed May 24 17:10:00.560 CDT 2017; 100,821754455566; 
 1495638602.54458; Wed May 24 17:10:02.545 CDT 2017; 100,777885437012; 
 1495638604.75358; Wed May 24 17:10:04.754 CDT 2017; 100,728515625; 
 1495638606.74158; Wed May 24 17:10:06.742 CDT 2017; 100,684478759766; 
 1495638608.72758; Wed May 24 17:10:08.728 CDT 2017; 100,641448974609; 
 1495638610.71358; Wed May 24 17:10:10.714 CDT 2017; 100,598449707031; 
 1495638612.70258; Wed May 24 17:10:12.703 CDT 2017; 100,554313659668; 
 1495638614.68958; Wed May 24 17:10:14.690 CDT 2017; 100,510528564453; 
 1495638616.67558; Wed May 24 17:10:16.676 CDT 2017; 100,465858459473; 
 1495638618.66358; Wed May 24 17:10:18.664 CDT 2017; 100,421714782715; 
 1495638620.64958; Wed May 24 17:10:20.650 CDT 2017; 100,376045227051; 
 1495638622.63658; Wed May 24 17:10:22.637 CDT 2017; 100,331314086914; 
 1495638624.62358; Wed May 24 17:10:24.624 CDT 2017; 100,2861328125; 
 1495638626.61158; Wed May 24 17:10:26.612 CDT 2017; 100,241729736328; 
 1495638628.59658; Wed May 24 17:10:28.597 CDT 2017; 100,199401855469; 
 1495638630.58358; Wed May 24 17:10:30.584 CDT 2017; 100,156234741211; 
 1495638632.56858; Wed May 24 17:10:32.569 CDT 2017; 100,111343383789; 
 1495638634.55458; Wed May 24 17:10:34.555 CDT 2017; 100,068710327148; 
 1495638636.76258; Wed May 24 17:10:36.763 CDT 2017; 100,020530700684; 
 1495638638.74658; Wed May 24 17:10:38.747 CDT 2017; 99,9771575927734; 
 1495638640.73558; Wed May 24 17:10:40.736 CDT 2017; 99,9349822998047; 
 1495638642.72358; Wed May 24 17:10:42.724 CDT 2017; 100,324203491211; 
 1495638644.70958; Wed May 24 17:10:44.710 CDT 2017; 100,903160095215; 
 1495638646.69658; Wed May 24 17:10:46.697 CDT 2017; 100,878204345703; 
 1495638648.68458; Wed May 24 17:10:48.685 CDT 2017; 100,836563110352; 
 1495638650.66858; Wed May 24 17:10:50.669 CDT 2017; 100,794281005859; 
 1495638652.65658; Wed May 24 17:10:52.657 CDT 2017; 100,750946044922; 
 1495638654.64358; Wed May 24 17:10:54.644 CDT 2017; 100,706329345703; 
 1495638656.62958; Wed May 24 17:10:56.630 CDT 2017; 100,661895751953; 
 1495638658.61658; Wed May 24 17:10:58.617 CDT 2017; 100,617797851563; 
 1495638660.60458; Wed May 24 17:11:00.605 CDT 2017; 100,572471618652; 
 1495638662.59058; Wed May 24 17:11:02.591 CDT 2017; 100,528625488281; 
 1495638664.57758; Wed May 24 17:11:04.578 CDT 2017; 100,483360290527; 
 1495638666.56558; Wed May 24 17:11:06.566 CDT 2017; 100,438095092773; 
 1495638668.55158; Wed May 24 17:11:08.552 CDT 2017; 100,391220092773; 
 1495638670.75958; Wed May 24 17:11:10.760 CDT 2017; 100,339584350586; 
 1495638672.74758; Wed May 24 17:11:12.748 CDT 2017; 100,292190551758; 
 1495638674.73358; Wed May 24 17:11:14.734 CDT 2017; 100,246368408203; 
 1495638676.71958; Wed May 24 17:11:16.720 CDT 2017; 100,199691772461; 
 1495638678.70658; Wed May 24 17:11:18.707 CDT 2017; 100,153358459473; 
 1495638680.69158; Wed May 24 17:11:20.692 CDT 2017; 100,10758972168; 
 1495638682.67858; Wed May 24 17:11:22.679 CDT 2017; 100,06095123291; 
 1495638684.66358; Wed May 24 17:11:24.664 CDT 2017; 100,015296936035; 
 1495638686.65158; Wed May 24 17:11:26.652 CDT 2017; 99,9685821533203; 
 1495638688.63958; Wed May 24 17:11:28.640 CDT 2017; 100,089141845703; 
 1495638690.62758; Wed May 24 17:11:30.628 CDT 2017; 100,663558959961; 
 1495638692.61358; Wed May 24 17:11:32.614 CDT 2017; 100,947906494141; 
 1495638694.60058; Wed May 24 17:11:34.601 CDT 2017; 100,898635864258; 
 1495638696.58858; Wed May 24 17:11:36.589 CDT 2017; 100,851837158203; 
 1495638698.57358; Wed May 24 17:11:38.574 CDT 2017; 100,805595397949; 
 1495638700.56158; Wed May 24 17:11:40.562 CDT 2017; 100,757514953613; 
 1495638702.54858; Wed May 24 17:11:42.549 CDT 2017; 100,710990905762; 
 1495638704.75558; Wed May 24 17:11:44.756 CDT 2017; 100,657646179199; 
 1495638706.74158; Wed May 24 17:11:46.742 CDT 2017; 100,610969543457; 
 1495638708.72958; Wed May 24 17:11:48.730 CDT 2017; 100,565048217773; 
 1495638710.71658; Wed May 24 17:11:50.717 CDT 2017; 100,517967224121; 
 1495638712.70258; Wed May 24 17:11:52.703 CDT 2017; 100,470802307129; 
 1495638714.69058; Wed May 24 17:11:54.691 CDT 2017; 100,424339294434; 
 1495638716.67658; Wed May 24 17:11:56.677 CDT 2017; 100,377868652344; 
 1495638718.66358; Wed May 24 17:11:58.664 CDT 2017; 100,332565307617; 
 1495638720.65058; Wed May 24 17:12:00.651 CDT 2017; 100,286903381348; 
 1495638722.63858; Wed May 24 17:12:02.639 CDT 2017; 100,244827270508; 
 1495638724.62458; Wed May 24 17:12:04.625 CDT 2017; 100,204986572266; 
 1495638726.61158; Wed May 24 17:12:06.612 CDT 2017; 100,163566589355; 
 1495638728.59558; Wed May 24 17:12:08.596 CDT 2017; 100,121505737305; 
 1495638730.58158; Wed May 24 17:12:10.582 CDT 2017; 100,077789306641; 
 1495638732.56858; Wed May 24 17:12:12.569 CDT 2017; 100,034408569336; 
 1495638734.55358; Wed May 24 17:12:14.554 CDT 2017; 99,9919509887695; 
 1495638736.76258; Wed May 24 17:12:16.763 CDT 2017; 99,9421310424805; 
 1495638738.74958; Wed May 24 17:12:18.750 CDT 2017; 100,430946350098; 
 1495638740.73558; Wed May 24 17:12:20.736 CDT 2017; 100,939605712891; 
 1495638742.72358; Wed May 24 17:12:22.724 CDT 2017; 100,892570495605; 
 1495638744.71058; Wed May 24 17:12:24.711 CDT 2017; 100,848197937012; 
 1495638746.69558; Wed May 24 17:12:26.696 CDT 2017; 100,804000854492; 
 1495638748.68358; Wed May 24 17:12:28.684 CDT 2017; 100,758331298828; 
 1495638750.67158; Wed May 24 17:12:30.672 CDT 2017; 100,714630126953; 
 1495638752.65758; Wed May 24 17:12:32.658 CDT 2017; 100,669868469238; 
 1495638754.64458; Wed May 24 17:12:34.645 CDT 2017; 100,625732421875; 
 1495638756.63258; Wed May 24 17:12:36.633 CDT 2017; 100,583053588867; 
 1495638758.61958; Wed May 24 17:12:38.620 CDT 2017; 100,539611816406; 
 1495638760.60558; Wed May 24 17:12:40.606 CDT 2017; 100,496299743652; 
 1495638762.59358; Wed May 24 17:12:42.594 CDT 2017; 100,453506469727; 
 1495638764.57958; Wed May 24 17:12:44.580 CDT 2017; 100,409553527832; 
 1495638766.56658; Wed May 24 17:12:46.567 CDT 2017; 100,368423461914; 
 1495638768.55458; Wed May 24 17:12:48.555 CDT 2017; 100,326217651367; 
 1495638770.76258; Wed May 24 17:12:50.763 CDT 2017; 100,27751159668; 
 1495638772.74858; Wed May 24 17:12:52.749 CDT 2017; 100,237915039063; 
 1495638774.73558; Wed May 24 17:12:54.736 CDT 2017; 100,195648193359; 
 1495638776.72158; Wed May 24 17:12:56.722 CDT 2017; 100,150787353516; 
 1495638778.70658; Wed May 24 17:12:58.707 CDT 2017; 100,106925964355; 
 1495638780.69358; Wed May 24 17:13:00.694 CDT 2017; 100,062591552734; 
 1495638782.67758; Wed May 24 17:13:02.678 CDT 2017; 100,017890930176; 
 1495638784.66558; Wed May 24 17:13:04.666 CDT 2017; 99,9741821289063; 
 1495638786.65358; Wed May 24 17:13:06.654 CDT 2017; 99,9297714233398; 
 1495638788.64058; Wed May 24 17:13:08.641 CDT 2017; 100,263824462891; 
 1495638790.62758; Wed May 24 17:13:10.628 CDT 2017; 100,855651855469; 
 1495638794.60158; Wed May 24 17:13:14.602 CDT 2017; 100,831573486328; 
 1495638796.58758; Wed May 24 17:13:16.588 CDT 2017; 100,787567138672; 
 1495638797.69158; Wed May 24 17:13:17.692 CDT 2017; 100,762542724609; 
 1495638799.67858; Wed May 24 17:13:19.679 CDT 2017; 100,719917297363; 
 1495638801.66658; Wed May 24 17:13:21.667 CDT 2017; 100,676383972168; 
 1495638803.65358; Wed May 24 17:13:23.654 CDT 2017; 100,633079528809; 
 1495638805.63958; Wed May 24 17:13:25.640 CDT 2017; 100,590362548828; 
 1495638807.62758; Wed May 24 17:13:27.628 CDT 2017; 100,545845031738; 
 1495638809.61558; Wed May 24 17:13:29.616 CDT 2017; 100,502555847168; 
 1495638811.60158; Wed May 24 17:13:31.602 CDT 2017; 100,456840515137; 
 1495638813.58858; Wed May 24 17:13:33.589 CDT 2017; 100,411956787109; 
 1495638815.57658; Wed May 24 17:13:35.577 CDT 2017; 100,366172790527; 
 1495638817.56158; Wed May 24 17:13:37.562 CDT 2017; 100,321388244629; 
 1495638819.54858; Wed May 24 17:13:39.549 CDT 2017; 100,275848388672; 
 1495638821.75758; Wed May 24 17:13:41.758 CDT 2017; 100,228355407715; 
 1495638824.62558; Wed May 24 17:13:44.626 CDT 2017; 100,164245605469; 
 1495638826.61058; Wed May 24 17:13:46.611 CDT 2017; 100,119827270508; 
 1495638828.59758; Wed May 24 17:13:48.598 CDT 2017; 100,076034545898; 
 1495638830.58158; Wed May 24 17:13:50.582 CDT 2017; 100,032234191895; 
 1495638832.56958; Wed May 24 17:13:52.570 CDT 2017; 99,9876480102539; 
 1495638834.55758; Wed May 24 17:13:54.558 CDT 2017; 99,9438018798828; 
 1495638836.54358; Wed May 24 17:13:56.544 CDT 2017; 100,524223327637; 
 1495638838.75158; Wed May 24 17:13:58.752 CDT 2017; 100,921897888184; 
 1495638840.73958; Wed May 24 17:14:00.740 CDT 2017; 100,87752532959; 
 1495638842.72558; Wed May 24 17:14:02.726 CDT 2017; 100,834205627441; 
 1495638844.71158; Wed May 24 17:14:04.712 CDT 2017; 100,790672302246; 
 1495638846.69958; Wed May 24 17:14:06.700 CDT 2017; 100,747161865234; 
 1495638848.68658; Wed May 24 17:14:08.687 CDT 2017; 100,70418548584; 
 1495638850.67258; Wed May 24 17:14:10.673 CDT 2017; 100,660552978516; 
 1495638852.66058; Wed May 24 17:14:12.661 CDT 2017; 100,617736816406; 
 1495638854.64758; Wed May 24 17:14:14.648 CDT 2017; 100,575187683105; 
 1495638856.63358; Wed May 24 17:14:16.634 CDT 2017; 100,53394317627; 
 1495638858.62158; Wed May 24 17:14:18.622 CDT 2017; 100,491897583008; 
 1495638860.60858; Wed May 24 17:14:20.609 CDT 2017; 100,450576782227; 
 1495638862.59458; Wed May 24 17:14:22.595 CDT 2017; 100,407341003418; 
 1495638863.69958; Wed May 24 17:14:23.700 CDT 2017; 100,383369445801; 
 1495638865.68458; Wed May 24 17:14:25.685 CDT 2017; 100,340713500977; 
 1495638867.67258; Wed May 24 17:14:27.673 CDT 2017; 100,297706604004; 
 1495638869.65858; Wed May 24 17:14:29.659 CDT 2017; 100,257125854492; 
 1495638871.64458; Wed May 24 17:14:31.645 CDT 2017; 100,216300964355; 
 1495638873.63258; Wed May 24 17:14:33.633 CDT 2017; 100,172271728516; 
 1495638875.61758; Wed May 24 17:14:35.618 CDT 2017; 100,130500793457; 
 1495638877.60358; Wed May 24 17:14:37.604 CDT 2017; 100,089218139648; 
 1495638879.58958; Wed May 24 17:14:39.590 CDT 2017; 100,046127319336; 
 1495638881.57458; Wed May 24 17:14:41.575 CDT 2017; 100,004035949707; 
 1495638883.56258; Wed May 24 17:14:43.563 CDT 2017; 99,9632263183594; 
 1495638886.65358; Wed May 24 17:14:46.654 CDT 2017; 100,310546875; 
 1495638888.64058; Wed May 24 17:14:48.641 CDT 2017; 100,919410705566; 
 1495638890.62658; Wed May 24 17:14:50.627 CDT 2017; 100,876220703125; 
 1495638892.61458; Wed May 24 17:14:52.615 CDT 2017; 100,834228515625; 
 1495638894.60158; Wed May 24 17:14:54.602 CDT 2017; 100,791511535645; 
 1495638895.70458; Wed May 24 17:14:55.705 CDT 2017; 100,767250061035; 
 1495638897.69258; Wed May 24 17:14:57.693 CDT 2017; 100,724136352539; 
 1495638899.67958; Wed May 24 17:14:59.680 CDT 2017; 100,680572509766; 
 1495638901.66558; Wed May 24 17:15:01.666 CDT 2017; 100,635986328125; 
 1495638903.65458; Wed May 24 17:15:03.655 CDT 2017; 100,590476989746; 
 1495638905.63958; Wed May 24 17:15:05.640 CDT 2017; 100,545616149902; 
 1495638907.62658; Wed May 24 17:15:07.627 CDT 2017; 100,500473022461; 
 1495638909.61458; Wed May 24 17:15:09.615 CDT 2017; 100,456275939941; 
 1495638911.60058; Wed May 24 17:15:11.601 CDT 2017; 100,411231994629; 
 1495638912.70558; Wed May 24 17:15:12.706 CDT 2017; 100,384864807129; 
 1495638914.69158; Wed May 24 17:15:14.692 CDT 2017; 100,340614318848; 
 1495638126.54455; Wed May 24 17:02:06.545 CDT 2017; 100,598297119141; 
